Workbook

Sheet Übersicht_Vorkultur
A1: Wo | B1: (Alle)
A2: Lage | B2: (Alle)
A3: Pflanzort | B3: (Alle)
A5: Gruppe | B5: Katalog | C5: Pflanze | D5: Vorkultur | E5: Keimtemperatur C° | F5: Keimdauer Tage | G5: Saattiefe cm | H5: Direktsaat | I5: Ernährung | J5: AZ
A6: 0 | B6: Anzucht | C6: Baby div. | D6: 0 | E6: 0 | F6: 0 | G6: 0 | H6: 0 | I6: Erde
A7: 0 | B7: Lager | C7: Lagerfläche | D7: 0 | E7: 0 | F7: 0 | G7: 0 | H7: 0 | I7: Erde | J7: 12
A8: 0 | B8: Lager | C8: Lagerfläche | D8: 0 | E8: 0 | F8: 0 | G8: 0 | H8: 0 | I8: trocken
A9: 0 | B9: Elektro | C9: Elektro | D9: 0 | E9: 0 | F9: 0 | G9: 0 | H9: 0 | I9: trocken
A10: 0 | B10: Blumen | C10: Sonnenhut | D10: 0 | E10: 0 | F10: 0 | G10: 0 | H10: 0 | I10: Erde | J10: 2
A11: 0 Ergebnis | J11: 14
A12: Blatt | B12: 5 | C12: Wintermarie | D12: 01.02.-28.02. | E12: 10-15 | F12: 5-7 | G12: Licht | H12: 15.07.-31.08. | I12: Erde | J12: 2
A13: Blatt | B13: 10 | C13: Schnittsalat Asia Oriental Mix | D13: 01.01.-30.04. | E13: 10-20 | F13: 8-15 | G13: 1-2 | H13: 15.07.-01.10. | I13: Erde | J13: 27
A14: Blatt | B14: 11 | C14: Schnittsalat Misticanza | D14: 01.01.-30.04. | E14: 10-15 | F14: 7-14 | G14: 1-2 | H14: 01.02.-01.09. | I14: Erde | J14: 27
A15: Blatt | B15: 12 | C15: Pflücksalat Red Salat Bowl | D15: 01.02. | E15: 15 | F15: 0 | G15: 0,2 | H15: 01.03.-30.09. | I15: Erde | J15: 6
A16: Blatt | B16: 13 | C16: Spinat Matador | D16: 01.01.-30.03. | E16: 10-15 | F16: 7-14 | G16: 3 | H16: 01.03.-01.09. | I16: Erde | J16: 2
A17: Blatt | B17: 19 | C17: Salat div. | D17: 01.02. | E17: 15 | F17: 0 | G17: 0,2 | H17: 01.03.-30.09. | I17: Erde | J17: 4
A18: Blatt | B18: 19 | C18: Salat div. | D18: 01.02. | E18: 15 | F18: 0 | G18: 0,2 | H18: 01.03.-30.09. | I18: trocken
A19: Blatt | B19: 20 | C19: Pflücksalat weiß | D19: 01.02. | E19: 15 | F19: 0 | G19: 0,2 | H19: 01.03.-30.09. | I19: Erde | J19: 6
A20: Blatt Ergebnis | J20: 74
A21: Frucht | B21: 1 | C21: Fleischparadeiser Rotes Herz | D21: 15.03-15.04 | E21: 20-25 | F21: 8-10 | G21: Licht | H21: nein | I21: Erde | J21: 4
A22: Frucht | B22: 2 | C22: Salatparadeiser Quedlinburger Frühe Liebe | D22: 15.03-15.04 | E22: 20-25 | F22: 8-10 | G22: Licht | H22: nein | I22: Erde | J22: 4
A23: Frucht | B23: 6 | C23: Cocktailparadeiser Golden Perfection | D23: 15.03-15.04 | E23: 20-25 | F23: 8-10 | G23: Licht | H23: nein | I23: Erde | J23: 3
A24: Frucht | B24: 9 | C24: Cocktailparadeiser Red Currant | D24: 15.03-15.04 | E24: 20-25 | F24: 8-10 | G24: Licht | H24: nein | I24: Erde | J24: 3
A25: Frucht | B25: 14 | C25: Chili Lemon Drop | D25: 01.03. | E25: 25-30 | F25: 10-14 | G25: 1 | H25: nein | I25: Erde | J25: 2
A26: Frucht | B26: 16 | C26: Zuckermelone | D26: 01.04. | E26: 24 | F26: 7-14 | G26: 0 | H26: 01.05. | I26: Erde | J26: 2
A27: Frucht | B27: 17 | C27: Chili spitz rot | D27: 01.03. | E27: 25-30 | F27: 10-14 | G27: 1 | H27: nein | I27: Erde | J27: 2
A28: Frucht | B28: 18 | C28: Paprika spitz rot | D28: 01.02.-15.04. | E28: 22-25 | F28: 10-14 | G28: 0,5-1 | H28: nein | I28: Erde | J28: 2
A29: Frucht | B29: 23 | C29: Aubergine Melanzani | D29: 01.02. | E29: 20-25 | F29: 7-21 | G29: 1-2 | H29: nein | I29: Erde | J29: 2
A30: Frucht | B30: 27 | C30: Gurke Melothria | D30: 15.04.-30.04. | E30: 25-28 | F30: 5-8 | G30: 2-3 | H30: 01.05.-30.06. | I30: Erde | J30: 2
A31: Frucht | B31: 28 | C31: Gurke Pappelchen | D31: 15.04.-30.04. | E31: 25-28 | F31: 5-8 | G31: 2-3 | H31: 01.05.-30.06. | I31: Erde | J31: 1
A32: Frucht | B32: 29 | C32: Cocktailparadeiser Gelbe Johannisbeere | D32: 01.02-31.03. | E32: 20-22 | F32: 8-10 | G32: Licht | H32: nein | I32: Erde | J32: 3
A33: Frucht | B33: 31 | C33: Zucchini Largo Blanco Serpiente | D33: 15.04. | E33: 18-22 | F33: 7-14 | G33: 2-3 | H33: 15.05.-15.06. | I33: Erde | J33: 2
A34: Frucht | B34: 40 | C34: Paprika Neusiedler Ideal rot | D34: 01.02.-15.04. | E34: 20-25 | F34: 14-21 | G34: 0,5-1 | H34: 15.05. | I34: Erde | J34: 2
A35: Frucht | B35: 48 | C35: Salatparadeiser gestreift SPAR | D35: 15.03-15.04. | E35: 20-25 | F35: 8-10 | G35: Licht | H35: nein | I35: Erde | J35: 2
A36: Frucht | B36: 51 | C36: Chili Diavoletto | D36: 15.02.-15.03. | E36: 20-25 | F36: 10-14 | G36: 1 | H36: nein | I36: Erde | J36: 4
A37: Frucht | B37: 50 | C37: Paprika Snack Hamik | D37: 15.01.-31.03. | E37: 20-25 | F37: 14-21 | G37: 0,5-1 | H37: 15.05.-15.06. | I37: Erde | J37: 4
A38: Frucht | B38: 49 | C38: Paradeiser Ochsenherz Tschernij Prinz | D38: 01.02-31.03. | E38: 20-25 | F38: 8-10 | G38: 0,5-1 | H38: 15.05-31.05. | I38: Erde | J38: 3
A39: Frucht Ergebnis | J39: 47
A40: Hülse | B40: 7 | C40: Zuckererbse Ambrosia | D40: 01.03.-31.05. | E40: 10-20 | F40: 8-14 | G40: 3 | H40: 01.03.-31.05. | I40: Erde | J40: 10
A41: Hülse | B41: 8 | C41: Knackerbse Spring Blush | D41: 01.03.-31.05. | E41: 10-20 | F41: 8-14 | G41: 3 | H41: 01.03.-31.05. | I41: Erde | J41: 10
A42: Hülse | B42: 32 | C42: Stangenbohne Cornetti Viola Trionfo | D42: 15.04.-30.04. | E42: 12-25 | F42: 10-14 | G42: 3 | H42: 01.05.-30.06. | I42: Erde | J42: 15
A43: Hülse | B43: 33 | C43: Stangenbohne Aloisia schwarz | D43: 15.04.-30.04. | E43: 12-25 | F43: 10-14 | G43: 3 | H43: 01.05.-30.06. | I43: Erde | J43: 15
A44: Hülse Ergebnis | J44: 50
A45: Kräuter | B45: 3 | C45: Basilikum Genoveser | D45: 01.01.-31.12. | E45: 18-22 | F45: 14-18 | G45: Licht | H45: 31.05.-31.07. | I45: Erde | J45: 3
A46: Kräuter | B46: 22 | C46: Kräuter div. | D46: 0 | E46: 0 | F46: 0 | G46: 0 | H46: nein | I46: Erde | J46: 4
A47: Kräuter | B47: 42 | C47: Schnittlauch | D47: 01.02-31.03. | E47: 18-20 | F47: 14-25 | G47: 0,5-1 | H47: 01.03.-30.04. | I47: Erde | J47: 2
A48: Kräuter | B48: 38 | C48: Borretsch | D48: nein | E48: 15-20 | F48: 30-90 | G48: 1,3 | H48: 01.03.-31.05. | I48: Erde | J48: 2
A49: Kräuter | B49: 37 | C49: Kerbel | D49: 0 | E49: 0 | F49: 0 | G49: 0 | H49: 0 | I49: Erde | J49: 2
A50: Kräuter | B50: 52 | C50: Thymian | D50: 0 | E50: 0 | F50: 0 | G50: 0 | H50: 0 | I50: Erde | J50: 2
A51: Kräuter | B51: 39 | C51: Koriander | D51: nein | E51: 10-20 | F51: 5-8 | G51: 0,5 | H51: 01.04.-31.07. | I51: Erde | J51: 2
A52: Kräuter | B52: 24 | C52: Petersilie | D52: 01.03.-31.08. | E52: 18-22 | F52: 14-28 | G52: 0,5-1 | H52: 01.03.-31.08. | I52: Erde | J52: 1
A53: Kräuter Ergebnis | J53: 18
A54: Wurzel | B54: 34 | C54: Karotte Duwicker Streit | D54: 0 | E54: 10-20 | F54: 21 | G54: 1-2,5 | H54: 28.02.-30.06. | I54: Erde | J54: 10
A55: Wurzel | B55: 36 | C55: Radieschen | D55: 0 | E55: 8-15 | F55: 4-6 | G55: 1-1,5 | H55: 15.03.-15.09. | I55: Erde | J55: 2
A56: Wurzel Ergebnis | J56: 12
A57: Kohl | B57: 4 | C57: Kohlrabi Superschmelz | D57: 15.02.-15.03. | E57: 16-20 | F57: 5-8 | G57: 2 | H57: 01.04.-31.05. | I57: Erde | J57: 7
A58: Kohl Ergebnis | J58: 7
A59: Zwiebel | B59: 21 | C59: Zwiebel Deep Purple | D59: 01.02-31.03. | E59: 10-20 | F59: 14-25 | G59: 1-3 | H59: 01.03.-30.04. | I59: Erde | J59: 11
A60: Zwiebel | B60: 41 | C60: Zwiebel Mix | D60: 01.02-31.03. | E60: 10-20 | F60: 14-25 | G60: 1-3 | H60: 01.03.-30.04. | I60: Erde | J60: 10
A61: Zwiebel Ergebnis | J61: 21
A62: Beeren | B62: 26 | C62: Erdbeeren mix | D62: 0 | E62: 0 | F62: 0 | G62: 0 | H62: nein | I62: Erde | J62: 6
A63: Beeren Ergebnis | J63: 6
A64: Gesamtergebnis | J64: 249

Sheet Übersicht_Auspflanzung
A1: Nummer | B1: Pflanzort | C1: Kennzahl | D1: Gefäß | E1: Ernährung | F1: Katalog | G1: AZ | H1: Pflanze | I1: Keimtemperatur C° | J1: Saattiefe cm | K1: Aussetzen | L1: Direktsaat
A2: 1 | B2: Niederregal | C2: 1OA | D2: Stahl 20 | E2: Erde | F2: 17 | G2: 2 | H2: Chili spitz rot | I2: 25-30 | J2: 1 | K2: 01.05. | L2: nein
A3: 1 | B3: Niederregal | C3: 1OA | D3: Stahl 20 | E3: Erde | F3: 51 | G3: 2 | H3: Chili Diavoletto | I3: 20-25 | J3: 1 | K3: 15.04.-30.04. | L3: nein
A4: 1 | B4: Niederregal | C4: 1OB | D4: Stahl 20 | E4: Erde | F4: 40 | G4: 2 | H4: Paprika Neusiedler Ideal rot | I4: 20-25 | J4: 0,5-1 | K4: 01.04.-01.06. | L4: 15.05.
A5: 1 | B5: Niederregal | C5: 1OB | D5: Stahl 20 | E5: Erde | F5: 50 | G5: 2 | H5: Paprika Snack Hamik | I5: 20-25 | J5: 0,5-1 | K5: 15.04.-30.04. | L5: 15.05.-15.06.
A6: 1 | B6: Niederregal | C6: 1OC | D6: Stahl 30 | E6: Erde | F6: 7 | G6: 10 | H6: Zuckererbse Ambrosia | I6: 10-20 | J6: 3 | K6: 0 | L6: 01.03.-31.05.
A7: 1 | B7: Niederregal | C7: 1UA | D7: Stahl 30 | E7: Erde | F7: 1 | G7: 1 | H7: Fleischparadeiser Rotes Herz | I7: 20-25 | J7: Licht | K7: 15.05-31.05. | L7: nein
A8: 1 | B8: Niederregal | C8: 1UA | D8: Stahl 30 | E8: Erde | F8: 3 | G8: 1 | H8: Basilikum Genoveser | I8: 18-22 | J8: Licht | K8: 01.05. | L8: 31.05.-31.07.
A9: 1 | B9: Niederregal | C9: 1UA | D9: Stahl 30 | E9: Erde | F9: 6 | G9: 1 | H9: Cocktailparadeiser Golden Perfection | I9: 20-25 | J9: Licht | K9: 15.05-31.05. | L9: nein
A10: 1 | B10: Niederregal | C10: 1UB | D10: Stahl 20 | E10: Erde | F10: 4 | G10: 3 | H10: Kohlrabi Superschmelz | I10: 16-20 | J10: 2 | K10: 01.04. | L10: 01.04.-31.05.
A11: 1 | B11: Niederregal | C11: 1UC | D11: Stahl 20 | E11: Erde | F11: 41 | G11: 10 | H11: Zwiebel Mix | I11: 10-20 | J11: 1-3 | K11: 01.04. | L11: 01.03.-30.04.
A12: 1 | B12: Niederregal | C12: 1UC | D12: Stahl 20 | E12: Erde | F12: 42 | G12: 2 | H12: Schnittlauch | I12: 18-20 | J12: 0,5-1 | K12: 01.04. | L12: 01.03.-30.04.
A13: 1 Ergebnis
A14: 2 | B14: Niederregal | C14: 2OA | D14: Topf | E14: Erde | F14: 16 | G14: 1 | H14: Zuckermelone | I14: 24 | J14: 0 | K14: 01.05. | L14: 01.05.
A15: 2 | B15: Niederregal | C15: 2OB | D15: Platte | E15: Erde | F15: Anzucht | G15: (Leer) | H15: Baby div. | I15: 0 | J15: 0 | K15: 0 | L15: 0
A16: 2 | B16: Niederregal | C16: 2OC | D16: Platte | E16: Erde | F16: Anzucht | G16: (Leer) | H16: Baby div. | I16: 0 | J16: 0 | K16: 0 | L16: 0
A17: 2 | B17: Niederregal | C17: 2UA | D17: Stahl 30 | E17: Erde | F17: 2 | G17: 1 | H17: Salatparadeiser Quedlinburger Frühe Liebe | I17: 20-25 | J17: Licht | K17: 15.05-31.05. | L17: nein
A18: 2 | B18: Niederregal | C18: 2UA | D18: Stahl 30 | E18: Erde | F18: 49 | G18: 1 | H18: Paradeiser Ochsenherz Tschernij Prinz | I18: 20-25 | J18: 0,5-1 | K18: 15.04.-15.05. | L18: 15.05-31.05.
A19: 2 | B19: Niederregal | C19: 2UB | D19: Platte | E19: trocken | F19: Lager | G19: (Leer) | H19: Lagerfläche | I19: 0 | J19: 0 | K19: 0 | L19: 0
A20: 2 | B20: Niederregal | C20: 2UC | D20: Platte | E20: trocken | F20: Lager | G20: (Leer) | H20: Lagerfläche | I20: 0 | J20: 0 | K20: 0 | L20: 0
A21: 2 Ergebnis
A22: 3 | B22: Niederregal | C22: 3OA | D22: Stahl 20 | E22: Erde | F22: 14 | G22: 2 | H22: Chili Lemon Drop | I22: 25-30 | J22: 1 | K22: 01.05. | L22: nein
A23: 3 | B23: Niederregal | C23: 3OA | D23: Stahl 20 | E23: Erde | F23: 51 | G23: 2 | H23: Chili Diavoletto | I23: 20-25 | J23: 1 | K23: 15.04.-30.04. | L23: nein
A24: 3 | B24: Niederregal | C24: 3OB | D24: Stahl 20 | E24: Erde | F24: 18 | G24: 2 | H24: Paprika spitz rot | I24: 22-25 | J24: 0,5-1 | K24: 01.04.-01.06. | L24: nein
A25: 3 | B25: Niederregal | C25: 3OB | D25: Stahl 20 | E25: Erde | F25: 50 | G25: 2 | H25: Paprika Snack Hamik | I25: 20-25 | J25: 0,5-1 | K25: 15.04.-30.04. | L25: 15.05.-15.06.
A26: 3 | B26: Niederregal | C26: 3OC | D26: Stahl 30 | E26: Erde | F26: 8 | G26: 10 | H26: Knackerbse Spring Blush | I26: 10-20 | J26: 3 | K26: 0 | L26: 01.03.-31.05.
A27: 3 | B27: Niederregal | C27: 3UA | D27: Stahl 30 | E27: Erde | F27: 1 | G27: 1 | H27: Fleischparadeiser Rotes Herz | I27: 20-25 | J27: Licht | K27: 15.05-31.05. | L27: nein
A28: 3 | B28: Niederregal | C28: 3UA | D28: Stahl 30 | E28: Erde | F28: 3 | G28: 1 | H28: Basilikum Genoveser | I28: 18-22 | J28: Licht | K28: 01.05. | L28: 31.05.-31.07.
A29: 3 | B29: Niederregal | C29: 3UA | D29: Stahl 30 | E29: Erde | F29: 48 | G29: 1 | H29: Salatparadeiser gestreift SPAR | I29: 20-25 | J29: Licht | K29: 15.05-31.05. | L29: nein
A30: 3 | B30: Niederregal | C30: 3UB | D30: Stahl 20 | E30: Erde | F30: 4 | G30: 3 | H30: Kohlrabi Superschmelz | I30: 16-20 | J30: 2 | K30: 01.04. | L30: 01.04.-31.05.
A31: 3 | B31: Niederregal | C31: 3UC | D31: Platte | E31: Erde | F31: 10 | G31: 25 | H31: Schnittsalat Asia Oriental Mix | I31: 10-20 | J31: 1-2 | K31: 01.02. | L31: 15.07.-01.10.
A32: 3 | B32: Niederregal | C32: 3UC | D32: Platte | E32: Erde | F32: 11 | G32: 25 | H32: Schnittsalat Misticanza | I32: 10-15 | J32: 1-2 | K32: 01.02. | L32: 01.02.-01.09.
A33: 3 Ergebnis
A34: 4 | B34: Niederregal | C34: 4OA | D34: Stahl 30 | E34: Erde | F34: 23 | G34: 2 | H34: Aubergine Melanzani | I34: 20-25 | J34: 1-2 | K34: 15.05. | L34: nein
A35: 4 | B35: Niederregal | C35: 4OB | D35: Stahl 20 | E35: Erde | F35: 20 | G35: 6 | H35: Pflücksalat weiß | I35: 15 | J35: 0,2 | K35: 0 | L35: 01.03.-30.09.
A36: 4 | B36: Niederregal | C36: 4OC | D36: Stahl 20 | E36: Erde | F36: 12 | G36: 6 | H36: Pflücksalat Red Salat Bowl | I36: 15 | J36: 0,2 | K36: 0 | L36: 01.03.-30.09.
A37: 4 | B37: Niederregal | C37: 4UA | D37: Stahl 30 | E37: Erde | F37: 2 | G37: 1 | H37: Salatparadeiser Quedlinburger Frühe Liebe | I37: 20-25 | J37: Licht | K37: 15.05-31.05. | L37: nein
A38: 4 | B38: Niederregal | C38: 4UA | D38: Stahl 30 | E38: Erde | F38: 49 | G38: 1 | H38: Paradeiser Ochsenherz Tschernij Prinz | I38: 20-25 | J38: 0,5-1 | K38: 15.04.-15.05. | L38: 15.05-31.05.
A39: 4 | B39: Niederregal | C39: 4UB | D39: Platte | E39: Erde | F39: Lager | G39: (Leer) | H39: Lagerfläche | I39: 0 | J39: 0 | K39: 0 | L39: 0
A40: 4 | B40: Niederregal | C40: 4UC | D40: Stahl 30 | E40: Erde | F40: 2 | G40: 1 | H40: Salatparadeiser Quedlinburger Frühe Liebe | I40: 20-25 | J40: Licht | K40: 15.05-31.05. | L40: nein
A41: 4 | B41: Niederregal | C41: 4UC | D41: Stahl 30 | E41: Erde | F41: 48 | G41: 1 | H41: Salatparadeiser gestreift SPAR | I41: 20-25 | J41: Licht | K41: 15.05-31.05. | L41: nein
A42: 4 Ergebnis
A43: 5 | B43: Hochregal | C43: 5MA | D43: Eurobox 20 klein | E43: Erde | F43: Lager | G43: 6 | H43: Lagerfläche | I43: 0 | J43: 0 | K43: 0 | L43: 0
A44: 5 | B44: Hochregal | C44: 5MB | D44: Eurobox 10 | E44: Erde | F44: Lager | G44: 6 | H44: Lagerfläche | I44: 0 | J44: 0 | K44: 0 | L44: 0
A45: 5 | B45: Hochregal | C45: 5OA | D45: Eurobox 20 klein | E45: trocken | F45: Elektro | G45: (Leer) | H45: Elektro | I45: 0 | J45: 0 | K45: 0 | L45: 0
A46: 5 | B46: Hochregal | C46: 5OB | D46: leer | E46: trocken | F46: 19 | G46: (Leer) | H46: Salat div. | I46: 15 | J46: 0,2 | K46: 0 | L46: 01.03.-30.09.
A47: 5 | B47: Hochregal | C47: 5UA | D47: Anzuchtschalen | E47: trocken | F47: Lager | G47: (Leer) | H47: Lagerfläche | I47: 0 | J47: 0 | K47: 0 | L47: 0
A48: 5 | B48: Hochregal | C48: 5UB | D48: Stahl 30 | E48: Erde | F48: 1 | G48: 1 | H48: Fleischparadeiser Rotes Herz | I48: 20-25 | J48: Licht | K48: 15.05-31.05. | L48: nein
A49: 5 | B49: Hochregal | C49: 5UB | D49: Stahl 30 | E49: Erde | F49: 49 | G49: 1 | H49: Paradeiser Ochsenherz Tschernij Prinz | I49: 20-25 | J49: 0,5-1 | K49: 15.04.-15.05. | L49: 15.05-31.05.
A50: 5 Ergebnis
A51: 6 | B51: Hochregal | C51: 6MA | D51: Kisterl | E51: Erde | F51: 13 | G51: 2 | H51: Spinat Matador | I51: 10-15 | J51: 3 | K51: 01.03. | L51: 01.03.-01.09.
A52: 6 | B52: Hochregal | C52: 6MB | D52: Kisterl | E52: Erde | F52: 37 | G52: 2 | H52: Kerbel | I52: 0 | J52: 0 | K52: 0 | L52: 0
A53: 6 | B53: Hochregal | C53: 6MC | D53: Kisterl | E53: Erde | F53: 52 | G53: 2 | H53: Thymian | I53: 0 | J53: 0 | K53: 0 | L53: 0
A54: 6 | B54: Hochregal | C54: 6MD | D54: Eurobox 20 | E54: Erde | F54: 34 | G54: 10 | H54: Karotte Duwicker Streit | I54: 10-20 | J54: 1-2,5 | K54: 0 | L54: 28.02.-30.06.
A55: 6 | B55: Hochregal | C55: 6OA | D55: Eurobox 10 | E55: Erde | F55: 10 | G55: 2 | H55: Schnittsalat Asia Oriental Mix | I55: 10-20 | J55: 1-2 | K55: 01.02. | L55: 15.07.-01.10.
A56: 6 | B56: Hochregal | C56: 6OB | D56: Eurobox 10 | E56: Erde | F56: 36 | G56: 2 | H56: Radieschen | I56: 8-15 | J56: 1-1,5 | K56: 0 | L56: 15.03.-15.09.
A57: 6 | B57: Hochregal | C57: 6OC | D57: Eurobox 10 | E57: Erde | F57: 11 | G57: 2 | H57: Schnittsalat Misticanza | I57: 10-15 | J57: 1-2 | K57: 01.02. | L57: 01.02.-01.09.
A58: 6 | B58: Hochregal | C58: 6UA | D58: Topf | E58: Erde | F58: 26 | G58: 2 | H58: Erdbeeren mix | I58: 0 | J58: 0 | K58: 0 | L58: nein
A59: 6 | B59: Hochregal | C59: 6UB | D59: Topf | E59: Erde | F59: 39 | G59: 2 | H59: Koriander | I59: 10-20 | J59: 0,5 | K59: 01.04.-31.07. | L59: 01.04.-31.07.
A60: 6 | B60: Hochregal | C60: 6UC | D60: Topf | E60: Erde | F60: 5 | G60: 2 | H60: Wintermarie | I60: 10-15 | J60: Licht | K60: 01.04. | L60: 15.07.-31.08.
A61: 6 Ergebnis
A62: 7 | B62: Hochregal | C62: 7MA | D62: Kisterl | E62: Erde | F62: 26 | G62: 2 | H62: Erdbeeren mix | I62: 0 | J62: 0 | K62: 0 | L62: nein
A63: 7 | B63: Hochregal | C63: 7MB | D63: Kisterl | E63: Erde | F63: 22 | G63: 2 | H63: Kräuter div. | I63: 0 | J63: 0 | K63: 0 | L63: nein
A64: 7 | B64: Hochregal | C64: 7MC | D64: Kisterl | E64: Erde | F64: 19 | G64: 2 | H64: Salat div. | I64: 15 | J64: 0,2 | K64: 0 | L64: 01.03.-30.09.
A65: 7 | B65: Hochregal | C65: 7MD | D65: Kisterl | E65: Erde | F65: 19 | G65: 2 | H65: Salat div. | I65: 15 | J65: 0,2 | K65: 0 | L65: 01.03.-30.09.
A66: 7 | B66: Hochregal | C66: 7ME | D66: Kisterl | E66: Erde | F66: 22 | G66: 2 | H66: Kräuter div. | I66: 0 | J66: 0 | K66: 0 | L66: nein
A67: 7 | B67: Hochregal | C67: 7MF | D67: Kisterl | E67: Erde | F67: 26 | G67: 2 | H67: Erdbeeren mix | I67: 0 | J67: 0 | K67: 0 | L67: nein
A68: 7 | B68: Hochregal | C68: 7OA | D68: Topf | E68: Erde | F68: 31 | G68: 1 | H68: Zucchini Largo Blanco Serpiente | I68: 18-22 | J68: 2-3 | K68: 15.05. | L68: 15.05.-15.06.
A69: 7 | B69: Hochregal | C69: 7OB | D69: Kisterl | E69: Erde | F69: Blumen | G69: 1 | H69: Sonnenhut | I69: 0 | J69: 0 | K69: 0 | L69: 0
A70: 7 | B70: Hochregal | C70: 7OC | D70: Kisterl | E70: Erde | F70: Blumen | G70: 1 | H70: Sonnenhut | I70: 0 | J70: 0 | K70: 0 | L70: 0
A71: 7 | B71: Hochregal | C71: 7OD | D71: Topf | E71: Erde | F71: 31 | G71: 1 | H71: Zucchini Largo Blanco Serpiente | I71: 18-22 | J71: 2-3 | K71: 15.05. | L71: 15.05.-15.06.
A72: 7 | B72: Hochregal | C72: 7UA | D72: Topf | E72: Erde | F72: 28 | G72: 1 | H72: Gurke Pappelchen | I72: 25-28 | J72: 2-3 | K72: 15.05. | L72: 01.05.-30.06.
A73: 7 | B73: Hochregal | C73: 7UB | D73: Kisterl | E73: Erde | F73: 21 | G73: 1 | H73: Zwiebel Deep Purple | I73: 10-20 | J73: 1-3 | K73: 01.04. | L73: 01.03.-30.04.
A74: 7 | B74: Hochregal | C74: 7UC | D74: Stahl 30 | E74: Erde | F74: 1 | G74: 1 | H74: Fleischparadeiser Rotes Herz | I74: 20-25 | J74: Licht | K74: 15.05-31.05. | L74: nein
A75: 7 | B75: Hochregal | C75: 7UC | D75: Stahl 30 | E75: Erde | F75: 2 | G75: 1 | H75: Salatparadeiser Quedlinburger Frühe Liebe | I75: 20-25 | J75: Licht | K75: 15.05-31.05. | L75: nein
A76: 7 | B76: Hochregal | C76: 7UC | D76: Stahl 30 | E76: Erde | F76: 3 | G76: 1 | H76: Basilikum Genoveser | I76: 18-22 | J76: Licht | K76: 01.05. | L76: 31.05.-31.07.
A77: 7 Ergebnis
A78: 8 | B78: Boot | C78: 8L | D78: Boot | E78: Erde | F78: 27 | G78: 1 | H78: Gurke Melothria | I78: 25-28 | J78: 2-3 | K78: 15.05. | L78: 01.05.-30.06.
A79: 8 | B79: Boot | C79: 8M | D79: Boot | E79: Erde | F79: 38 | G79: 2 | H79: Borretsch | I79: 15-20 | J79: 1,3 | K79: 0 | L79: 01.03.-31.05.
A80: 8 | B80: Boot | C80: 8R | D80: Boot | E80: Erde | F80: 27 | G80: 1 | H80: Gurke Melothria | I80: 25-28 | J80: 2-3 | K80: 15.05. | L80: 01.05.-30.06.
A81: 8 Ergebnis
A82: 9 | B82: Boot | C82: 9L | D82: Boot | E82: Erde | F82: 9 | G82: 3 | H82: Cocktailparadeiser Red Currant | I82: 20-25 | J82: Licht | K82: 15.05-31.05. | L82: nein
A83: 9 | B83: Boot | C83: 9M | D83: Boot | E83: Erde | F83: 21 | G83: 10 | H83: Zwiebel Deep Purple | I83: 10-20 | J83: 1-3 | K83: 01.04. | L83: 01.03.-30.04.
A84: 9 | B84: Boot | C84: 9R | D84: Boot | E84: Erde | F84: 29 | G84: 3 | H84: Cocktailparadeiser Gelbe Johannisbeere | I84: 20-22 | J84: Licht | K84: 15.05-31.05. | L84: nein
A85: 9 Ergebnis
A86: 10 | B86: Boot | C86: 10L | D86: Boot | E86: Erde | F86: 6 | G86: 2 | H86: Cocktailparadeiser Golden Perfection | I86: 20-25 | J86: Licht | K86: 15.05-31.05. | L86: nein
A87: 10 | B87: Boot | C87: 10M | D87: Boot | E87: Erde | F87: 4 | G87: 1 | H87: Kohlrabi Superschmelz | I87: 16-20 | J87: 2 | K87: 01.04. | L87: 01.04.-31.05.
A88: 10 | B88: Boot | C88: 10R | D88: Boot | E88: Erde | F88: 24 | G88: 1 | H88: Petersilie | I88: 18-22 | J88: 0,5-1 | K88: 01.03.-31.08. | L88: 01.03.-31.08.
A89: 10 Ergebnis
A90: 11 | B90: Boot | C90: 11L | D90: Boot | E90: Erde | F90: 32 | G90: 5 | H90: Stangenbohne Cornetti Viola Trionfo | I90: 12-25 | J90: 3 | K90: 01.05. | L90: 01.05.-30.06.
A91: 11 | B91: Boot | C91: 11M | D91: Boot | E91: Erde | F91: 32 | G91: 5 | H91: Stangenbohne Cornetti Viola Trionfo | I91: 12-25 | J91: 3 | K91: 01.05. | L91: 01.05.-30.06.
A92: 11 | B92: Boot | C92: 11R | D92: Boot | E92: Erde | F92: 32 | G92: 5 | H92: Stangenbohne Cornetti Viola Trionfo | I92: 12-25 | J92: 3 | K92: 01.05. | L92: 01.05.-30.06.
A93: 11 Ergebnis
A94: 12 | B94: Boot | C94: 12L | D94: Boot | E94: Erde | F94: 33 | G94: 5 | H94: Stangenbohne Aloisia schwarz | I94: 12-25 | J94: 3 | K94: 01.05. | L94: 01.05.-30.06.
A95: 12 | B95: Boot | C95: 12M | D95: Boot | E95: Erde | F95: 33 | G95: 5 | H95: Stangenbohne Aloisia schwarz | I95: 12-25 | J95: 3 | K95: 01.05. | L95: 01.05.-30.06.
A96: 12 | B96: Boot | C96: 12R | D96: Boot | E96: Erde | F96: 33 | G96: 5 | H96: Stangenbohne Aloisia schwarz | I96: 12-25 | J96: 3 | K96: 01.05. | L96: 01.05.-30.06.
A97: 12 Ergebnis
A98: Gesamtergebnis

Sheet Bepflanzungsschema
A1: Kennzahl | B1: Wo | C1: Lage | D1: Licht | E1: Pflanzort | F1: Nummer | G1: Höhe | H1: Platz | I1: Gefäß | J1: Pflanzhilfe | K1: Ernährung | L1: Anzahl Pflanzen | M1: Katalog | N1: Pflanze | O1: Vorkultur | P1: Keimtemperatur C° | Q1: Keimdauer Tage | R1: Saattiefe cm | S1: Aussetzen | T1: Direktsaat | U1: Abstände Pflanze cm | V1: Abstände Reihe cm | W1: Ernte Start | X1: Wuchs | Y1: Samen | Z1: Pflanzpartner | AA1: Beipflanze | AB1: Pflanzgegner | AC1: Anspruch Pflege Pflanze | AD1: Details und Beschreibung | AE1: Kommentar | AF1: Gruppe
A2: 1OA | B2: Glashaus | C2: Norden/Mauer | D2: Sonne | E2: Niederregal | F2: 1 | G2: oben | H2: A | I2: Stahl 20 | J2: nein | K2: Erde | L2: 1 | M2: 17 | N2: =VLOOKUP($M2,Pflanzenkatalog!$A$2:$AB$632,2,FALSE) -> Chili spitz rot | O2: =VLOOKUP($M2,Pflanzenkatalog!$A$2:$AB$632,3,FALSE) -> 01.03. | P2: =VLOOKUP($M2,Pflanzenkatalog!$A$2:$AB$632,4,FALSE) -> 25-30 | Q2: =VLOOKUP($M2,Pflanzenkatalog!$A$2:$AB$632,5,FALSE) -> 10-14 | R2: =VLOOKUP($M2,Pflanzenkatalog!$A$2:$AB$632,6,FALSE) -> 1 | S2: =VLOOKUP($M2,Pflanzenkatalog!$A$2:$AB$632,7,FALSE) -> 01.05. | T2: =VLOOKUP($M2,Pflanzenkatalog!$A$2:$AB$632,8,FALSE) -> nein | U2: =VLOOKUP($M2,Pflanzenkatalog!$A$2:$AB$632,9,FALSE) -> 40 | V2: =VLOOKUP($M2,Pflanzenkatalog!$A$2:$AB$632,10,FALSE) -> 40 | W2: =VLOOKUP($M2,Pflanzenkatalog!$A$2:$AB$632,11,FALSE) -> August | X2: =VLOOKUP($M2,Pflanzenkatalog!$A$2:$AB$632,12,FALSE) -> 50-80 cm | Y2: =VLOOKUP($M2,Pflanzenkatalog!$A$2:$AB$632,13,FALSE) -> SPAR Bio | Z2: =VLOOKUP($M2,Pflanzenkatalog!$A$2:$AB$632,14,FALSE) -> 0 | AA2: =VLOOKUP($M2,Pflanzenkatalog!$A$2:$AB$632,15,FALSE) -> 0 | AB2: =VLOOKUP($M2,Pflanzenkatalog!$A$2:$AB$632,16,FALSE) -> 0 | AC2: =VLOOKUP($M2,Pflanzenkatalog!$A$2:$AB$632,17,FALSE) -> 0 | AD2: =VLOOKUP($M2,Pflanzenkatalog!$A$2:$AB$632,18,FALSE) -> 0 | AE2: =VLOOKUP($M2,Pflanzenkatalog!$A$2:$AB$632,19,FALSE) -> 0 | AF2: =VLOOKUP($M2,Pflanzenkatalog!$A$2:$AB$632,20,FALSE) -> Frucht
A3: 1OA | B3: Glashaus | C3: Norden/Mauer | D3: Sonne | E3: Niederregal | F3: 1 | G3: oben | H3: A | I3: Stahl 20 | J3: nein | K3: Erde | L3: 1 | M3: 51 | N3: =VLOOKUP($M3,Pflanzenkatalog!$A$2:$AB$632,2,FALSE) -> Chili Diavoletto | O3: =VLOOKUP($M3,Pflanzenkatalog!$A$2:$AB$632,3,FALSE) -> 15.02.-15.03. | P3: =VLOOKUP($M3,Pflanzenkatalog!$A$2:$AB$632,4,FALSE) -> 20-25 | Q3: =VLOOKUP($M3,Pflanzenkatalog!$A$2:$AB$632,5,FALSE) -> 10-14 | R3: =VLOOKUP($M3,Pflanzenkatalog!$A$2:$AB$632,6,FALSE) -> 1 | S3: =VLOOKUP($M3,Pflanzenkatalog!$A$2:$AB$632,7,FALSE) -> 15.04.-30.04. | T3: =VLOOKUP($M3,Pflanzenkatalog!$A$2:$AB$632,8,FALSE) -> nein | U3: =VLOOKUP($M3,Pflanzenkatalog!$A$2:$AB$632,9,FALSE) -> 50 | V3: =VLOOKUP($M3,Pflanzenkatalog!$A$2:$AB$632,10,FALSE) -> 70 | W3: =VLOOKUP($M3,Pflanzenkatalog!$A$2:$AB$632,11,FALSE) -> Juli | X3: =VLOOKUP($M3,Pflanzenkatalog!$A$2:$AB$632,12,FALSE) -> 50-80 cm | Y3: =VLOOKUP($M3,Pflanzenkatalog!$A$2:$AB$632,13,FALSE) -> REINSAAT | Z3: =VLOOKUP($M3,Pflanzenkatalog!$A$2:$AB$632,14,FALSE) -> Rucola, Radieschen, Pertersilie, Basilikum | AA3: =VLOOKUP($M3,Pflanzenkatalog!$A$2:$AB$632,15,FALSE) -> 0 | AB3: =VLOOKUP($M3,Pflanzenkatalog!$A$2:$AB$632,16,FALSE) -> 0 | AC3: =VLOOKUP($M3,Pflanzenkatalog!$A$2:$AB$632,17,FALSE) -> mehrjährig! Jungpflanzen wachsen langsam, vor Frost schützen, langsam abhärten, feuchtes, lockeres und nährstoffreichen Substrat, Boden im Idealfall einen neutralen bis leicht sauren pH-Wert, mit Kompost düngen | AD3: =VLOOKUP($M3,Pflanzenkatalog!$A$2:$AB$632,18,FALSE) -> Züchtung ReinSaat. Dekorativer, langgestreckter, fleischiger Chili mit attraktiven lilafarbenen Blüten, Stielen, Kelchen und Blattadern. Die Früchte reifen von lila auf goldbraun zu orangerot ab. Gut geeignet zum Frischverzehr, in Salsas oder zum Einlegen. Für Gewächshaus und geschützte Freilandlagen. Schärfegrad 6 – 7 | AE3: =VLOOKUP($M3,Pflanzenkatalog!$A$2:$AB$632,19,FALSE) -> 0 | AF3: =VLOOKUP($M3,Pflanzenkatalog!$A$2:$AB$632,20,FALSE) -> Frucht
A4: 1OB | B4: Glashaus | C4: Norden/Mauer | D4: Sonne | E4: Niederregal | F4: 1 | G4: oben | H4: B | I4: Stahl 20 | J4: nein | K4: Erde | L4: 1 | M4: 40 | N4: =VLOOKUP($M4,Pflanzenkatalog!$A$2:$AB$632,2,FALSE) -> Paprika Neusiedler Ideal rot | O4: =VLOOKUP($M4,Pflanzenkatalog!$A$2:$AB$632,3,FALSE) -> 01.02.-15.04. | P4: =VLOOKUP($M4,Pflanzenkatalog!$A$2:$AB$632,4,FALSE) -> 20-25 | Q4: =VLOOKUP($M4,Pflanzenkatalog!$A$2:$AB$632,5,FALSE) -> 14-21 | R4: =VLOOKUP($M4,Pflanzenkatalog!$A$2:$AB$632,6,FALSE) -> 0,5-1 | S4: =VLOOKUP($M4,Pflanzenkatalog!$A$2:$AB$632,7,FALSE) -> 01.04.-01.06. | T4: =VLOOKUP($M4,Pflanzenkatalog!$A$2:$AB$632,8,FALSE) -> 15.05. | U4: =VLOOKUP($M4,Pflanzenkatalog!$A$2:$AB$632,9,FALSE) -> 50 | V4: =VLOOKUP($M4,Pflanzenkatalog!$A$2:$AB$632,10,FALSE) -> 70 | W4: =VLOOKUP($M4,Pflanzenkatalog!$A$2:$AB$632,11,FALSE) -> Juli | X4: =VLOOKUP($M4,Pflanzenkatalog!$A$2:$AB$632,12,FALSE) -> 0 | Y4: =VLOOKUP($M4,Pflanzenkatalog!$A$2:$AB$632,13,FALSE) -> KIEPENKERL | Z4: =VLOOKUP($M4,Pflanzenkatalog!$A$2:$AB$632,14,FALSE) -> Salat | AA4: =VLOOKUP($M4,Pflanzenkatalog!$A$2:$AB$632,15,FALSE) -> Tagetes gegen Nematoden, Viren und weiße Fliege | AB4: =VLOOKUP($M4,Pflanzenkatalog!$A$2:$AB$632,16,FALSE) -> 0 | AC4: =VLOOKUP($M4,Pflanzenkatalog!$A$2:$AB$632,17,FALSE) -> Neusiedler Ideal' liefert hohe Erträge in der Ernteperiode von Mitte Juli bis Oktober. Eine Direktaussaat ins Freiland kann ab Mitte Mai erfolgen. Hier kommt es auf einen sonnigen, warmen und windgeschützten Standort an. Wer eher aussäen möchte, kann mit der Vorkultur im Haus ab Februar starten. Für den Gewächshausanbau ist die Sorte ebenfalls geeignet. | AD4: =VLOOKUP($M4,Pflanzenkatalog!$A$2:$AB$632,18,FALSE) -> Bei der Paprika 'Neusiedler Ideal' handelt es sich um eine leckere Speisepaprika mit blockigen Früchten, welche von Grün nach Rot abreifen. Sie können sowohl im grünen als auch im roten Stadium geerntet werden, wobei die voll abgereiften roten Paprika süßer im Geschmack sind. Bezüglich ihrer Inhaltsstoffe unterscheiden sie sich allerdings nicht. Die grünen und roten Früchte sind gleichermaßen gesund, da sie vor allem wichtige Vitamine enthalten, beispielsweise jede Menge Vitamin C. Voll ausgefärbte Früchte haben den höchsten Vitamin C-Gehalt. | AE4: =VLOOKUP($M4,Pflanzenkatalog!$A$2:$AB$632,19,FALSE) -> 0 | AF4: =VLOOKUP($M4,Pflanzenkatalog!$A$2:$AB$632,20,FALSE) -> Frucht
A5: 1OB | B5: Glashaus | C5: Norden/Mauer | D5: Sonne | E5: Niederregal | F5: 1 | G5: oben | H5: B | I5: Stahl 20 | J5: nein | K5: Erde | L5: 1 | M5: 50 | N5: =VLOOKUP($M5,Pflanzenkatalog!$A$2:$AB$632,2,FALSE) -> Paprika Snack Hamik | O5: =VLOOKUP($M5,Pflanzenkatalog!$A$2:$AB$632,3,FALSE) -> 15.01.-31.03. | P5: =VLOOKUP($M5,Pflanzenkatalog!$A$2:$AB$632,4,FALSE) -> 20-25 | Q5: =VLOOKUP($M5,Pflanzenkatalog!$A$2:$AB$632,5,FALSE) -> 14-21 | R5: =VLOOKUP($M5,Pflanzenkatalog!$A$2:$AB$632,6,FALSE) -> 0,5-1 | S5: =VLOOKUP($M5,Pflanzenkatalog!$A$2:$AB$632,7,FALSE) -> 15.04.-30.04. | T5: =VLOOKUP($M5,Pflanzenkatalog!$A$2:$AB$632,8,FALSE) -> 15.05.-15.06. | U5: =VLOOKUP($M5,Pflanzenkatalog!$A$2:$AB$632,9,FALSE) -> 50 | V5: =VLOOKUP($M5,Pflanzenkatalog!$A$2:$AB$632,10,FALSE) -> 70 | W5: =VLOOKUP($M5,Pflanzenkatalog!$A$2:$AB$632,11,FALSE) -> Juli | X5: =VLOOKUP($M5,Pflanzenkatalog!$A$2:$AB$632,12,FALSE) -> 20-50 cm | Y5: =VLOOKUP($M5,Pflanzenkatalog!$A$2:$AB$632,13,FALSE) -> REINSAAT | Z5: =VLOOKUP($M5,Pflanzenkatalog!$A$2:$AB$632,14,FALSE) -> Salat | AA5: =VLOOKUP($M5,Pflanzenkatalog!$A$2:$AB$632,15,FALSE) -> Tagetes gegen Nematoden, Viren und weiße Fliege | AB5: =VLOOKUP($M5,Pflanzenkatalog!$A$2:$AB$632,16,FALSE) -> 0 | AC5: =VLOOKUP($M5,Pflanzenkatalog!$A$2:$AB$632,17,FALSE) -> 0 | AD5: =VLOOKUP($M5,Pflanzenkatalog!$A$2:$AB$632,18,FALSE) -> 0 | AE5: =VLOOKUP($M5,Pflanzenkatalog!$A$2:$AB$632,19,FALSE) -> 0 | AF5: =VLOOKUP($M5,Pflanzenkatalog!$A$2:$AB$632,20,FALSE) -> Frucht
A6: 1OC | B6: Glashaus | C6: Norden/Mauer | D6: Sonne | E6: Niederregal | F6: 1 | G6: oben | H6: C | I6: Stahl 30 | J6: Gitter | K6: Erde | L6: 1 | M6: 18 | N6: =VLOOKUP($M6,Pflanzenkatalog!$A$2:$AB$632,2,FALSE) -> Paprika spitz rot | O6: =VLOOKUP($M6,Pflanzenkatalog!$A$2:$AB$632,3,FALSE) -> 01.02.-15.04. | P6: =VLOOKUP($M6,Pflanzenkatalog!$A$2:$AB$632,4,FALSE) -> 22-25 | Q6: =VLOOKUP($M6,Pflanzenkatalog!$A$2:$AB$632,5,FALSE) -> 10-14 | R6: =VLOOKUP($M6,Pflanzenkatalog!$A$2:$AB$632,6,FALSE) -> 0,5-1 | S6: =VLOOKUP($M6,Pflanzenkatalog!$A$2:$AB$632,7,FALSE) -> 01.04.-01.06. | T6: =VLOOKUP($M6,Pflanzenkatalog!$A$2:$AB$632,8,FALSE) -> nein | U6: =VLOOKUP($M6,Pflanzenkatalog!$A$2:$AB$632,9,FALSE) -> 60 | V6: =VLOOKUP($M6,Pflanzenkatalog!$A$2:$AB$632,10,FALSE) -> 80 | W6: =VLOOKUP($M6,Pflanzenkatalog!$A$2:$AB$632,11,FALSE) -> Juli | X6: =VLOOKUP($M6,Pflanzenkatalog!$A$2:$AB$632,12,FALSE) -> 50-80 cm | Y6: =VLOOKUP($M6,Pflanzenkatalog!$A$2:$AB$632,13,FALSE) -> SPAR Bio | Z6: =VLOOKUP($M6,Pflanzenkatalog!$A$2:$AB$632,14,FALSE) -> 0 | AA6: =VLOOKUP($M6,Pflanzenkatalog!$A$2:$AB$632,15,FALSE) -> 0 | AB6: =VLOOKUP($M6,Pflanzenkatalog!$A$2:$AB$632,16,FALSE) -> 0 | AC6: =VLOOKUP($M6,Pflanzenkatalog!$A$2:$AB$632,17,FALSE) -> 0 | AD6: =VLOOKUP($M6,Pflanzenkatalog!$A$2:$AB$632,18,FALSE) -> 0 | AE6: =VLOOKUP($M6,Pflanzenkatalog!$A$2:$AB$632,19,FALSE) -> 0 | AF6: =VLOOKUP($M6,Pflanzenkatalog!$A$2:$AB$632,20,FALSE) -> Frucht
A7: 1OC | B7: Glashaus | C7: Norden/Mauer | D7: Sonne | E7: Niederregal | F7: 1 | G7: oben | H7: C | I7: Stahl 30 | J7: Gitter | K7: Erde | L7: 1 | M7: 18 | N7: =VLOOKUP($M7,Pflanzenkatalog!$A$2:$AB$632,2,FALSE) -> Paprika spitz rot | O7: =VLOOKUP($M7,Pflanzenkatalog!$A$2:$AB$632,3,FALSE) -> 01.02.-15.04. | P7: =VLOOKUP($M7,Pflanzenkatalog!$A$2:$AB$632,4,FALSE) -> 22-25 | Q7: =VLOOKUP($M7,Pflanzenkatalog!$A$2:$AB$632,5,FALSE) -> 10-14 | R7: =VLOOKUP($M7,Pflanzenkatalog!$A$2:$AB$632,6,FALSE) -> 0,5-1 | S7: =VLOOKUP($M7,Pflanzenkatalog!$A$2:$AB$632,7,FALSE) -> 01.04.-01.06. | T7: =VLOOKUP($M7,Pflanzenkatalog!$A$2:$AB$632,8,FALSE) -> nein | U7: =VLOOKUP($M7,Pflanzenkatalog!$A$2:$AB$632,9,FALSE) -> 60 | V7: =VLOOKUP($M7,Pflanzenkatalog!$A$2:$AB$632,10,FALSE) -> 80 | W7: =VLOOKUP($M7,Pflanzenkatalog!$A$2:$AB$632,11,FALSE) -> Juli | X7: =VLOOKUP($M7,Pflanzenkatalog!$A$2:$AB$632,12,FALSE) -> 50-80 cm | Y7: =VLOOKUP($M7,Pflanzenkatalog!$A$2:$AB$632,13,FALSE) -> SPAR Bio | Z7: =VLOOKUP($M7,Pflanzenkatalog!$A$2:$AB$632,14,FALSE) -> 0 | AA7: =VLOOKUP($M7,Pflanzenkatalog!$A$2:$AB$632,15,FALSE) -> 0 | AB7: =VLOOKUP($M7,Pflanzenkatalog!$A$2:$AB$632,16,FALSE) -> 0 | AC7: =VLOOKUP($M7,Pflanzenkatalog!$A$2:$AB$632,17,FALSE) -> 0 | AD7: =VLOOKUP($M7,Pflanzenkatalog!$A$2:$AB$632,18,FALSE) -> 0 | AE7: =VLOOKUP($M7,Pflanzenkatalog!$A$2:$AB$632,19,FALSE) -> 0 | AF7: =VLOOKUP($M7,Pflanzenkatalog!$A$2:$AB$632,20,FALSE) -> Frucht
A8: 1UA | B8: Glashaus | C8: Norden/Mauer | D8: Sonne | E8: Niederregal | F8: 1 | G8: unten | H8: A | I8: Stahl 30 | J8: Tomatenhaken | K8: Erde | L8: 1 | M8: 6 | N8: =VLOOKUP($M8,Pflanzenkatalog!$A$2:$AB$632,2,FALSE) -> Cocktailparadeiser Golden Perfection | O8: =VLOOKUP($M8,Pflanzenkatalog!$A$2:$AB$632,3,FALSE) -> 15.03-15.04 | P8: =VLOOKUP($M8,Pflanzenkatalog!$A$2:$AB$632,4,FALSE) -> 20-25 | Q8: =VLOOKUP($M8,Pflanzenkatalog!$A$2:$AB$632,5,FALSE) -> 8-10 | R8: =VLOOKUP($M8,Pflanzenkatalog!$A$2:$AB$632,6,FALSE) -> Licht | S8: =VLOOKUP($M8,Pflanzenkatalog!$A$2:$AB$632,7,FALSE) -> 15.05-31.05. | T8: =VLOOKUP($M8,Pflanzenkatalog!$A$2:$AB$632,8,FALSE) -> nein | U8: =VLOOKUP($M8,Pflanzenkatalog!$A$2:$AB$632,9,FALSE) -> 50 | V8: =VLOOKUP($M8,Pflanzenkatalog!$A$2:$AB$632,10,FALSE) -> 100 | W8: =VLOOKUP($M8,Pflanzenkatalog!$A$2:$AB$632,11,FALSE) -> Juni | X8: =VLOOKUP($M8,Pflanzenkatalog!$A$2:$AB$632,12,FALSE) -> unbegrenzt | Y8: =VLOOKUP($M8,Pflanzenkatalog!$A$2:$AB$632,13,FALSE) -> Arche Noah | Z8: =VLOOKUP($M8,Pflanzenkatalog!$A$2:$AB$632,14,FALSE) -> Buschbohne, Knoblauch, Kohl, Kohlrabi | AA8: =VLOOKUP($M8,Pflanzenkatalog!$A$2:$AB$632,15,FALSE) -> Basilikum, gegen Mehltau und weiße Fliege Tagetes, gegen Nematoden, Viren und weiße Fliege | AB8: =VLOOKUP($M8,Pflanzenkatalog!$A$2:$AB$632,16,FALSE) -> Erbse, Fenchel, Kartoffeln | AC8: =VLOOKUP($M8,Pflanzenkatalog!$A$2:$AB$632,17,FALSE) -> sonniger Standort | AD8: =VLOOKUP($M8,Pflanzenkatalog!$A$2:$AB$632,18,FALSE) -> Goldgelbe Cocktailtomate. Die Früchte sind rund und werden ungefähr 2,5-3cm groß. Im Geschmack sehr süß und aromatisch. Unbegrenzt wachsende Pflanze, entwickelt viele Nebentriebe. Seit 1985 aus Tartu, Estland. | AE8: =VLOOKUP($M8,Pflanzenkatalog!$A$2:$AB$632,19,FALSE) -> 0 | AF8: =VLOOKUP($M8,Pflanzenkatalog!$A$2:$AB$632,20,FALSE) -> Frucht
A9: 1UA | B9: Glashaus | C9: Norden/Mauer | D9: Sonne | E9: Niederregal | F9: 1 | G9: unten | H9: A | I9: Stahl 30 | J9: Tomatenhaken | K9: Erde | L9: 1 | M9: 1 | N9: =VLOOKUP($M9,Pflanzenkatalog!$A$2:$AB$632,2,FALSE) -> Fleischparadeiser Rotes Herz | O9: =VLOOKUP($M9,Pflanzenkatalog!$A$2:$AB$632,3,FALSE) -> 15.03-15.04 | P9: =VLOOKUP($M9,Pflanzenkatalog!$A$2:$AB$632,4,FALSE) -> 20-25 | Q9: =VLOOKUP($M9,Pflanzenkatalog!$A$2:$AB$632,5,FALSE) -> 8-10 | R9: =VLOOKUP($M9,Pflanzenkatalog!$A$2:$AB$632,6,FALSE) -> Licht | S9: =VLOOKUP($M9,Pflanzenkatalog!$A$2:$AB$632,7,FALSE) -> 15.05-31.05. | T9: =VLOOKUP($M9,Pflanzenkatalog!$A$2:$AB$632,8,FALSE) -> nein | U9: =VLOOKUP($M9,Pflanzenkatalog!$A$2:$AB$632,9,FALSE) -> 50 | V9: =VLOOKUP($M9,Pflanzenkatalog!$A$2:$AB$632,10,FALSE) -> 100 | W9: =VLOOKUP($M9,Pflanzenkatalog!$A$2:$AB$632,11,FALSE) -> August | X9: =VLOOKUP($M9,Pflanzenkatalog!$A$2:$AB$632,12,FALSE) -> unbegrenzt, locker belaubt, wirkt im Jugendstadium schwach, bisweilen bräunliche Blätter die später verschwinden | Y9: =VLOOKUP($M9,Pflanzenkatalog!$A$2:$AB$632,13,FALSE) -> Arche Noah | Z9: =VLOOKUP($M9,Pflanzenkatalog!$A$2:$AB$632,14,FALSE) -> Buschbohne, Knoblauch, Kohl, Kohlrabi | AA9: =VLOOKUP($M9,Pflanzenkatalog!$A$2:$AB$632,15,FALSE) -> Basilikum, gegen Mehltau und weiße Fliege Tagetes, gegen Nematoden, Viren und weiße Fliege | AB9: =VLOOKUP($M9,Pflanzenkatalog!$A$2:$AB$632,16,FALSE) -> Erbse, Fenchel, Kartoffeln | AC9: =VLOOKUP($M9,Pflanzenkatalog!$A$2:$AB$632,17,FALSE) -> Ausgeizen, Mulchen, warm, Schutz vor Regen, mäßig von unten gießen | AD9: =VLOOKUP($M9,Pflanzenkatalog!$A$2:$AB$632,18,FALSE) -> Das rotes Ochsenherz lässt sich vielfältig verwenden, für Suppen, Saucen und Salate. Die Ausgewogenheit von Süße und Säure ergibt einen sehr guten Geschmack, herzförmig, schwach gerippt und 10-12 cm groß. Ursprünglich stammt die Sorte aus Kroatien. | AE9: =VLOOKUP($M9,Pflanzenkatalog!$A$2:$AB$632,19,FALSE) -> 0 | AF9: =VLOOKUP($M9,Pflanzenkatalog!$A$2:$AB$632,20,FALSE) -> Frucht
A10: 1UA | B10: Glashaus | C10: Norden/Mauer | D10: Sonne | E10: Niederregal | F10: 1 | G10: unten | H10: A | I10: Stahl 30 | J10: Tomatenhaken | K10: Erde | L10: 1 | M10: 3 | N10: =VLOOKUP($M10,Pflanzenkatalog!$A$2:$AB$632,2,FALSE) -> Basilikum Genoveser | O10: =VLOOKUP($M10,Pflanzenkatalog!$A$2:$AB$632,3,FALSE) -> 01.01.-31.12. | P10: =VLOOKUP($M10,Pflanzenkatalog!$A$2:$AB$632,4,FALSE) -> 18-22 | Q10: =VLOOKUP($M10,Pflanzenkatalog!$A$2:$AB$632,5,FALSE) -> 14-18 | R10: =VLOOKUP($M10,Pflanzenkatalog!$A$2:$AB$632,6,FALSE) -> Licht | S10: =VLOOKUP($M10,Pflanzenkatalog!$A$2:$AB$632,7,FALSE) -> 01.05. | T10: =VLOOKUP($M10,Pflanzenkatalog!$A$2:$AB$632,8,FALSE) -> 31.05.-31.07. | U10: =VLOOKUP($M10,Pflanzenkatalog!$A$2:$AB$632,9,FALSE) -> 30 | V10: =VLOOKUP($M10,Pflanzenkatalog!$A$2:$AB$632,10,FALSE) -> 30 | W10: =VLOOKUP($M10,Pflanzenkatalog!$A$2:$AB$632,11,FALSE) -> Ganzjährig | X10: =VLOOKUP($M10,Pflanzenkatalog!$A$2:$AB$632,12,FALSE) -> Busch bis 50 cm | Y10: =VLOOKUP($M10,Pflanzenkatalog!$A$2:$AB$632,13,FALSE) -> samenmaier Bio | Z10: =VLOOKUP($M10,Pflanzenkatalog!$A$2:$AB$632,14,FALSE) -> Tomaten, Gurken, Kohl gegen Mehltau und weiße Fliege | AA10: =VLOOKUP($M10,Pflanzenkatalog!$A$2:$AB$632,15,FALSE) -> 0 | AB10: =VLOOKUP($M10,Pflanzenkatalog!$A$2:$AB$632,16,FALSE) -> 0 | AC10: =VLOOKUP($M10,Pflanzenkatalog!$A$2:$AB$632,17,FALSE) -> sonniger Standort , durchlässiger Boden | AD10: =VLOOKUP($M10,Pflanzenkatalog!$A$2:$AB$632,18,FALSE) -> Bekommt sie genügend Wärme, wächst sie sehr rasch. | AE10: =VLOOKUP($M10,Pflanzenkatalog!$A$2:$AB$632,19,FALSE) -> 0 | AF10: =VLOOKUP($M10,Pflanzenkatalog!$A$2:$AB$632,20,FALSE) -> Kräuter
A11: 1UB | B11: Glashaus | C11: Norden/Mauer | D11: Sonne | E11: Niederregal | F11: 1 | G11: unten | H11: B | I11: Stahl 20 | J11: nein | K11: Erde | L11: 3 | M11: 4 | N11: =VLOOKUP($M11,Pflanzenkatalog!$A$2:$AB$632,2,FALSE) -> Kohlrabi Superschmelz | O11: =VLOOKUP($M11,Pflanzenkatalog!$A$2:$AB$632,3,FALSE) -> 15.02.-15.03. | P11: =VLOOKUP($M11,Pflanzenkatalog!$A$2:$AB$632,4,FALSE) -> 16-20 | Q11: =VLOOKUP($M11,Pflanzenkatalog!$A$2:$AB$632,5,FALSE) -> 5-8 | R11: =VLOOKUP($M11,Pflanzenkatalog!$A$2:$AB$632,6,FALSE) -> 2 | S11: =VLOOKUP($M11,Pflanzenkatalog!$A$2:$AB$632,7,FALSE) -> 01.04. | T11: =VLOOKUP($M11,Pflanzenkatalog!$A$2:$AB$632,8,FALSE) -> 01.04.-31.05. | U11: =VLOOKUP($M11,Pflanzenkatalog!$A$2:$AB$632,9,FALSE) -> 60 | V11: =VLOOKUP($M11,Pflanzenkatalog!$A$2:$AB$632,10,FALSE) -> 60 | W11: =VLOOKUP($M11,Pflanzenkatalog!$A$2:$AB$632,11,FALSE) -> August | X11: =VLOOKUP($M11,Pflanzenkatalog!$A$2:$AB$632,12,FALSE) -> Riesenkohlrabi, bis zu 8 kg | Y11: =VLOOKUP($M11,Pflanzenkatalog!$A$2:$AB$632,13,FALSE) -> samenmaier Bio | Z11: =VLOOKUP($M11,Pflanzenkatalog!$A$2:$AB$632,14,FALSE) -> Bohnen, Erbsen, Kartoffeln, Kopfsalat, Tomaten, Radieschen, Rote Bete, Sellerie, Spinat, Lauch | AA11: =VLOOKUP($M11,Pflanzenkatalog!$A$2:$AB$632,15,FALSE) -> 0 | AB11: =VLOOKUP($M11,Pflanzenkatalog!$A$2:$AB$632,16,FALSE) -> 0 | AC11: =VLOOKUP($M11,Pflanzenkatalog!$A$2:$AB$632,17,FALSE) -> Frostfrei! Schatten, Knolle kein Erdkontakt wegen Schimmel. Kohlanbaufläche jährlich wechseln! Nährstoffreicher, humosen Boder. Bei Trockenheit regelmäßig gießen, damit die Kohlrabi nicht platzen. Wasser- und Nährstoffmangel führt zu Wachstumsstockungen, mehrmals düngen. | AD11: =VLOOKUP($M11,Pflanzenkatalog!$A$2:$AB$632,18,FALSE) -> Zur Lagerung und zum Tiefgefrieren bestens geeignet. Alle Kohlarten sind von allen Gemüse-Arten am längsten lagerbar und gelten als typisches Wintergemüse. Schon seit der Steinzeit wird vermutet, dass Kohl als Lebensmittel für uns gedient hat. | AE11: =VLOOKUP($M11,Pflanzenkatalog!$A$2:$AB$632,19,FALSE) -> 0 | AF11: =VLOOKUP($M11,Pflanzenkatalog!$A$2:$AB$632,20,FALSE) -> Kohl
A12: 1UC | B12: Glashaus | C12: Norden/Mauer | D12: Sonne | E12: Niederregal | F12: 1 | G12: unten | H12: C | I12: Stahl 20 | J12: nein | K12: Erde | L12: 10 | M12: 41 | N12: =VLOOKUP($M12,Pflanzenkatalog!$A$2:$AB$632,2,FALSE) -> Zwiebel Mix | O12: =VLOOKUP($M12,Pflanzenkatalog!$A$2:$AB$632,3,FALSE) -> 01.02-31.03. | P12: =VLOOKUP($M12,Pflanzenkatalog!$A$2:$AB$632,4,FALSE) -> 10-20 | Q12: =VLOOKUP($M12,Pflanzenkatalog!$A$2:$AB$632,5,FALSE) -> 14-25 | R12: =VLOOKUP($M12,Pflanzenkatalog!$A$2:$AB$632,6,FALSE) -> 1-3 | S12: =VLOOKUP($M12,Pflanzenkatalog!$A$2:$AB$632,7,FALSE) -> 01.04. | T12: =VLOOKUP($M12,Pflanzenkatalog!$A$2:$AB$632,8,FALSE) -> 01.03.-30.04. | U12: =VLOOKUP($M12,Pflanzenkatalog!$A$2:$AB$632,9,FALSE) -> 5 | V12: =VLOOKUP($M12,Pflanzenkatalog!$A$2:$AB$632,10,FALSE) -> 25 | W12: =VLOOKUP($M12,Pflanzenkatalog!$A$2:$AB$632,11,FALSE) -> Mai | X12: =VLOOKUP($M12,Pflanzenkatalog!$A$2:$AB$632,12,FALSE) -> Jungzwiebel Mai/Juni, Knolle August (wenn Laub knickt) | Y12: =VLOOKUP($M12,Pflanzenkatalog!$A$2:$AB$632,13,FALSE) -> unbekannt | Z12: =VLOOKUP($M12,Pflanzenkatalog!$A$2:$AB$632,14,FALSE) -> Bohnenkraut, Erdbeeren, Dill, Kopfsalat, Möhren, Rote Bete | AA12: =VLOOKUP($M12,Pflanzenkatalog!$A$2:$AB$632,15,FALSE) -> 0 | AB12: =VLOOKUP($M12,Pflanzenkatalog!$A$2:$AB$632,16,FALSE) -> Bohnen, Erbsen, Kohl | AC12: =VLOOKUP($M12,Pflanzenkatalog!$A$2:$AB$632,17,FALSE) -> sonnig | AD12: =VLOOKUP($M12,Pflanzenkatalog!$A$2:$AB$632,18,FALSE) -> Jungzwiebel | AE12: =VLOOKUP($M12,Pflanzenkatalog!$A$2:$AB$632,19,FALSE) -> 0 | AF12: =VLOOKUP($M12,Pflanzenkatalog!$A$2:$AB$632,20,FALSE) -> Zwiebel
A13: 1UC | B13: Glashaus | C13: Norden/Mauer | D13: Sonne | E13: Niederregal | F13: 1 | G13: unten | H13: C | I13: Stahl 20 | J13: nein | K13: Erde | L13: 2 | M13: 42 | N13: =VLOOKUP($M13,Pflanzenkatalog!$A$2:$AB$632,2,FALSE) -> Schnittlauch | O13: =VLOOKUP($M13,Pflanzenkatalog!$A$2:$AB$632,3,FALSE) -> 01.02-31.03. | P13: =VLOOKUP($M13,Pflanzenkatalog!$A$2:$AB$632,4,FALSE) -> 18-20 | Q13: =VLOOKUP($M13,Pflanzenkatalog!$A$2:$AB$632,5,FALSE) -> 14-25 | R13: =VLOOKUP($M13,Pflanzenkatalog!$A$2:$AB$632,6,FALSE) -> 0,5-1 | S13: =VLOOKUP($M13,Pflanzenkatalog!$A$2:$AB$632,7,FALSE) -> 01.04. | T13: =VLOOKUP($M13,Pflanzenkatalog!$A$2:$AB$632,8,FALSE) -> 01.03.-30.04. | U13: =VLOOKUP($M13,Pflanzenkatalog!$A$2:$AB$632,9,FALSE) -> 0 | V13: =VLOOKUP($M13,Pflanzenkatalog!$A$2:$AB$632,10,FALSE) -> Streu | W13: =VLOOKUP($M13,Pflanzenkatalog!$A$2:$AB$632,11,FALSE) -> ganzjährig | X13: =VLOOKUP($M13,Pflanzenkatalog!$A$2:$AB$632,12,FALSE) -> 20-50 cm | Y13: =VLOOKUP($M13,Pflanzenkatalog!$A$2:$AB$632,13,FALSE) -> unbekannt | Z13: =VLOOKUP($M13,Pflanzenkatalog!$A$2:$AB$632,14,FALSE) -> Sein Duft vertreibt unter anderem die Möhrenfliege. Schon wenige Horste in der Nachbarschaft reduzieren bei Erdbeeren die Anfälligkeit für Grauschimmel und bei Gurken die Infektionsgefahr mit Falschem Mehltau. | AA13: =VLOOKUP($M13,Pflanzenkatalog!$A$2:$AB$632,15,FALSE) -> 0 | AB13: =VLOOKUP($M13,Pflanzenkatalog!$A$2:$AB$632,16,FALSE) -> Auf dem Beet darf Schnittlauch nicht nach sich selbst und anderen Allium-Arten angebaut werden, zudem verträgt er sich nicht gut mit Kohlgewächsen. | AC13: =VLOOKUP($M13,Pflanzenkatalog!$A$2:$AB$632,17,FALSE) -> Günstig ist ein sonniger bis halbschattiger Platz. Eine Abdeckung mit Vlies beschleunigt bei früher Aussaat das Auflaufen. | AD13: =VLOOKUP($M13,Pflanzenkatalog!$A$2:$AB$632,18,FALSE) -> Eine Direktsaat ist nur auf unkrautfreien Böden empfehlenswert, da die Samen sehr langsam keimen. Bei der Aussaat im Beet wartet man ab, bis der Boden eine Temperatur von fünf Grad Celsius erreicht hat. Wenn Sie die Samen mit grobem Sand mischen, lassen sie sich gleichmäßiger ausstreuen. | AE13: =VLOOKUP($M13,Pflanzenkatalog!$A$2:$AB$632,19,FALSE) -> 0 | AF13: =VLOOKUP($M13,Pflanzenkatalog!$A$2:$AB$632,20,FALSE) -> Kräuter
... A15: 2OA | B15: Glashaus | C15: Norden/Mauer | D15: Sonne | E15: Niederregal | F15: 2 | G15: oben | H15: A | I15: Topf | J15: Tomatenhaken | K15: Erde | L15: 1 | M15: 16 | N15: =VLOOKUP($M15,Pflanzenkatalog!$A$2:$AB$632,2,FALSE) -> Zuckermelone | O15: =VLOOKUP($M15,Pflanzenkatalog!$A$2:$AB$632,3,FALSE) -> 01.04. | P15: =VLOOKUP($M15,Pflanzenkatalog!$A$2:$AB$632,4,FALSE) -> 24 | Q15: =VLOOKUP($M15,Pflanzenkatalog!$A$2:$AB$632,5,FALSE) -> 7-14 | R15: =VLOOKUP($M15,Pflanzenkatalog!$A$2:$AB$632,6,FALSE) -> 0 | S15: =VLOOKUP($M15,Pflanzenkatalog!$A$2:$AB$632,7,FALSE) -> 01.05. | T15: =VLOOKUP($M15,Pflanzenkatalog!$A$2:$AB$632,8,FALSE) -> 01.05. | U15: =VLOOKUP($M15,Pflanzenkatalog!$A$2:$AB$632,9,FALSE) -> 50 | V15: =VLOOKUP($M15,Pflanzenkatalog!$A$2:$AB$632,10,FALSE) -> 100 | W15: =VLOOKUP($M15,Pflanzenkatalog!$A$2:$AB$632,11,FALSE) -> August | X15: =VLOOKUP($M15,Pflanzenkatalog!$A$2:$AB$632,12,FALSE) -> Rankend, Aufbinden | Y15: =VLOOKUP($M15,Pflanzenkatalog!$A$2:$AB$632,13,FALSE) -> own grown | Z15: =VLOOKUP($M15,Pflanzenkatalog!$A$2:$AB$632,14,FALSE) -> 0 | AA15: =VLOOKUP($M15,Pflanzenkatalog!$A$2:$AB$632,15,FALSE) -> 0 | AB15: =VLOOKUP($M15,Pflanzenkatalog!$A$2:$AB$632,16,FALSE) -> 0 | AC15: =VLOOKUP($M15,Pflanzenkatalog!$A$2:$AB$632,17,FALSE) -> Haupttrieb nach dem 4. oder 5. Blatt schneiden, Seitentriebe, nach dem 3.-5. Blatt schneiden. Die daraus entstehenden Seitentriebe bilden die weiblichen, fruchtenden Blüten. Behang pro Pflanze auf 4–6 Stück begrenzen. Im Glashaus manuell befruchten. Kalk, Frost, Windempfindlich | AD15: =VLOOKUP($M15,Pflanzenkatalog!$A$2:$AB$632,18,FALSE) -> Die Charentais liebt sonnige, geschützte Standorte mit warmen, humusreichen Böden. Saftige Melonen aus Ihrem Garten Die Zuckermelone bildet süße, faustgroße Früchte mit hellgrüner, genetzter Schale. Die Erntezeit beginnt im August. | AE15: =VLOOKUP($M15,Pflanzenkatalog!$A$2:$AB$632,19,FALSE) -> 0 | AF15: =VLOOKUP($M15,Pflanzenkatalog!$A$2:$AB$632,20,FALSE) -> Frucht
A16: 2OB | B16: Glashaus | C16: Norden/Mauer | D16: Sonne | E16: Niederregal | F16: 2 | G16: oben | H16: B | I16: Platte | J16: Licht | K16: Erde | M16: Anzucht | N16: =VLOOKUP($M16,Pflanzenkatalog!$A$2:$AB$632,2,FALSE) -> Baby div. | O16: =VLOOKUP($M16,Pflanzenkatalog!$A$2:$AB$632,3,FALSE) -> 0 | P16: =VLOOKUP($M16,Pflanzenkatalog!$A$2:$AB$632,4,FALSE) -> 0 | Q16: =VLOOKUP($M16,Pflanzenkatalog!$A$2:$AB$632,5,FALSE) -> 0 | R16: =VLOOKUP($M16,Pflanzenkatalog!$A$2:$AB$632,6,FALSE) -> 0 | S16: =VLOOKUP($M16,Pflanzenkatalog!$A$2:$AB$632,7,FALSE) -> 0 | T16: =VLOOKUP($M16,Pflanzenkatalog!$A$2:$AB$632,8,FALSE) -> 0 | U16: =VLOOKUP($M16,Pflanzenkatalog!$A$2:$AB$632,9,FALSE) -> 0 | V16: =VLOOKUP($M16,Pflanzenkatalog!$A$2:$AB$632,10,FALSE) -> 0 | W16: =VLOOKUP($M16,Pflanzenkatalog!$A$2:$AB$632,11,FALSE) -> 0 | X16: =VLOOKUP($M16,Pflanzenkatalog!$A$2:$AB$632,12,FALSE) -> 0 | Y16: =VLOOKUP($M16,Pflanzenkatalog!$A$2:$AB$632,13,FALSE) -> 0 | Z16: =VLOOKUP($M16,Pflanzenkatalog!$A$2:$AB$632,14,FALSE) -> 0 | AA16: =VLOOKUP($M16,Pflanzenkatalog!$A$2:$AB$632,15,FALSE) -> 0 | AB16: =VLOOKUP($M16,Pflanzenkatalog!$A$2:$AB$632,16,FALSE) -> 0 | AC16: =VLOOKUP($M16,Pflanzenkatalog!$A$2:$AB$632,17,FALSE) -> 0 | AD16: =VLOOKUP($M16,Pflanzenkatalog!$A$2:$AB$632,18,FALSE) -> 0 | AE16: =VLOOKUP($M16,Pflanzenkatalog!$A$2:$AB$632,19,FALSE) -> 0 | AF16: =VLOOKUP($M16,Pflanzenkatalog!$A$2:$AB$632,20,FALSE) -> 0
A17: 2OC | B17: Glashaus | C17: Norden/Mauer | D17: Sonne | E17: Niederregal | F17: 2 | G17: oben | H17: C | I17: Platte | J17: Licht | K17: Erde | M17: Anzucht | N17: =VLOOKUP($M17,Pflanzenkatalog!$A$2:$AB$632,2,FALSE) -> Baby div. | O17: =VLOOKUP($M17,Pflanzenkatalog!$A$2:$AB$632,3,FALSE) -> 0 | P17: =VLOOKUP($M17,Pflanzenkatalog!$A$2:$AB$632,4,FALSE) -> 0 | Q17: =VLOOKUP($M17,Pflanzenkatalog!$A$2:$AB$632,5,FALSE) -> 0 | R17: =VLOOKUP($M17,Pflanzenkatalog!$A$2:$AB$632,6,FALSE) -> 0 | S17: =VLOOKUP($M17,Pflanzenkatalog!$A$2:$AB$632,7,FALSE) -> 0 | T17: =VLOOKUP($M17,Pflanzenkatalog!$A$2:$AB$632,8,FALSE) -> 0 | U17: =VLOOKUP($M17,Pflanzenkatalog!$A$2:$AB$632,9,FALSE) -> 0 | V17: =VLOOKUP($M17,Pflanzenkatalog!$A$2:$AB$632,10,FALSE) -> 0 | W17: =VLOOKUP($M17,Pflanzenkatalog!$A$2:$AB$632,11,FALSE) -> 0 | X17: =VLOOKUP($M17,Pflanzenkatalog!$A$2:$AB$632,12,FALSE) -> 0 | Y17: =VLOOKUP($M17,Pflanzenkatalog!$A$2:$AB$632,13,FALSE) -> 0 | Z17: =VLOOKUP($M17,Pflanzenkatalog!$A$2:$AB$632,14,FALSE) -> 0 | AA17: =VLOOKUP($M17,Pflanzenkatalog!$A$2:$AB$632,15,FALSE) -> 0 | AB17: =VLOOKUP($M17,Pflanzenkatalog!$A$2:$AB$632,16,FALSE) -> 0 | AC17: =VLOOKUP($M17,Pflanzenkatalog!$A$2:$AB$632,17,FALSE) -> 0 | AD17: =VLOOKUP($M17,Pflanzenkatalog!$A$2:$AB$632,18,FALSE) -> 0 | AE17: =VLOOKUP($M17,Pflanzenkatalog!$A$2:$AB$632,19,FALSE) -> 0 | AF17: =VLOOKUP($M17,Pflanzenkatalog!$A$2:$AB$632,20,FALSE) -> 0
A18: 2UA | B18: Glashaus | C18: Norden/Mauer | D18: Sonne | E18: Niederregal | F18: 2 | G18: unten | H18: A | I18: Stahl 30 | J18: Tomatenhaken | K18: Erde | L18: 1 | M18: 2 | N18: =VLOOKUP($M18,Pflanzenkatalog!$A$2:$AB$632,2,FALSE) -> Salatparadeiser Quedlinburger Frühe Liebe | O18: =VLOOKUP($M18,Pflanzenkatalog!$A$2:$AB$632,3,FALSE) -> 15.03-15.04 | P18: =VLOOKUP($M18,Pflanzenkatalog!$A$2:$AB$632,4,FALSE) -> 20-25 | Q18: =VLOOKUP($M18,Pflanzenkatalog!$A$2:$AB$632,5,FALSE) -> 8-10 | R18: =VLOOKUP($M18,Pflanzenkatalog!$A$2:$AB$632,6,FALSE) -> Licht | S18: =VLOOKUP($M18,Pflanzenkatalog!$A$2:$AB$632,7,FALSE) -> 15.05-31.05. | T18: =VLOOKUP($M18,Pflanzenkatalog!$A$2:$AB$632,8,FALSE) -> nein | U18: =VLOOKUP($M18,Pflanzenkatalog!$A$2:$AB$632,9,FALSE) -> 50 | V18: =VLOOKUP($M18,Pflanzenkatalog!$A$2:$AB$632,10,FALSE) -> 80 | W18: =VLOOKUP($M18,Pflanzenkatalog!$A$2:$AB$632,11,FALSE) -> Juli | X18: =VLOOKUP($M18,Pflanzenkatalog!$A$2:$AB$632,12,FALSE) -> Stabtomate wächst bis 1,2 m hoch und hat kartoffelblättriges lockeres Laub | Y18: =VLOOKUP($M18,Pflanzenkatalog!$A$2:$AB$632,13,FALSE) -> Arche Noah | Z18: =VLOOKUP($M18,Pflanzenkatalog!$A$2:$AB$632,14,FALSE) -> Buschbohne, Knoblauch, Kohl, Kohlrabi | AA18: =VLOOKUP($M18,Pflanzenkatalog!$A$2:$AB$632,15,FALSE) -> Basilikum, gegen Mehltau und weiße Fliege Tagetes, gegen Nematoden, Viren und weiße Fliege | AB18: =VLOOKUP($M18,Pflanzenkatalog!$A$2:$AB$632,16,FALSE) -> Erbse, Fenchel, Kartoffeln | AC18: =VLOOKUP($M18,Pflanzenkatalog!$A$2:$AB$632,17,FALSE) -> nicht ausgeizen, Mulchen, warm, Schutz vor Regen, mäßig von unten gießen | AD18: =VLOOKUP($M18,Pflanzenkatalog!$A$2:$AB$632,18,FALSE) -> Im Salat kommt der süß-aromatische Geschmack hervorragend zur Geltung. Extrem frühreifend ist die Sorte auch für rauhere Lagen empfehlenswert. Die roten, runden, ca. 4 cm großen Früchte kann man die ganze Saison über ernten. | AE18: =VLOOKUP($M18,Pflanzenkatalog!$A$2:$AB$632,19,FALSE) -> 0 | AF18: =VLOOKUP($M18,Pflanzenkatalog!$A$2:$AB$632,20,FALSE) -> Frucht
A19: 2UA | B19: Glashaus | C19: Norden/Mauer | D19: Sonne | E19: Niederregal | F19: 2 | G19: unten | H19: A | I19: Stahl 30 | J19: Tomatenhaken | K19: Erde | L19: 1 | M19: 49 | N19: =VLOOKUP($M19,Pflanzenkatalog!$A$2:$AB$632,2,FALSE) -> Paradeiser Ochsenherz Tschernij Prinz | O19: =VLOOKUP($M19,Pflanzenkatalog!$A$2:$AB$632,3,FALSE) -> 01.02-31.03. | P19: =VLOOKUP($M19,Pflanzenkatalog!$A$2:$AB$632,4,FALSE) -> 20-25 | Q19: =VLOOKUP($M19,Pflanzenkatalog!$A$2:$AB$632,5,FALSE) -> 8-10 | R19: =VLOOKUP($M19,Pflanzenkatalog!$A$2:$AB$632,6,FALSE) -> 0,5-1 | S19: =VLOOKUP($M19,Pflanzenkatalog!$A$2:$AB$632,7,FALSE) -> 15.04.-15.05. | T19: =VLOOKUP($M19,Pflanzenkatalog!$A$2:$AB$632,8,FALSE) -> 15.05-31.05. | U19: =VLOOKUP($M19,Pflanzenkatalog!$A$2:$AB$632,9,FALSE) -> 50 | V19: =VLOOKUP($M19,Pflanzenkatalog!$A$2:$AB$632,10,FALSE) -> 60 | W19: =VLOOKUP($M19,Pflanzenkatalog!$A$2:$AB$632,11,FALSE) -> Juli | X19: =VLOOKUP($M19,Pflanzenkatalog!$A$2:$AB$632,12,FALSE) -> Stabtomate | Y19: =VLOOKUP($M19,Pflanzenkatalog!$A$2:$AB$632,13,FALSE) -> REINSAAT | Z19: =VLOOKUP($M19,Pflanzenkatalog!$A$2:$AB$632,14,FALSE) -> Buschbohne, Knoblauch, Kohl, Kohlrabi | AA19: =VLOOKUP($M19,Pflanzenkatalog!$A$2:$AB$632,15,FALSE) -> Basilikum, gegen Mehltau und weiße Fliege Tagetes, gegen Nematoden, Viren und weiße Fliege | AB19: =VLOOKUP($M19,Pflanzenkatalog!$A$2:$AB$632,16,FALSE) -> Erbse, Fenchel, Kartoffeln | AC19: =VLOOKUP($M19,Pflanzenkatalog!$A$2:$AB$632,17,FALSE) -> 0 | AD19: =VLOOKUP($M19,Pflanzenkatalog!$A$2:$AB$632,18,FALSE) -> Halbdeterminante Fleischtomate aus der EHZ von ReinSaat. Die braunroten, flachrunden Früchte sind von herausragend gutem Geschmack. Mehrkammerige, fleischige und sehr saftige Früchte mit einem Fruchtgewicht von ca. 200 – 300 g. Früh einsetzende Ernte. Sehr beliebte Hausgärtnersorte. | AE19: =VLOOKUP($M19,Pflanzenkatalog!$A$2:$AB$632,19,FALSE) -> 0 | AF19: =VLOOKUP($M19,Pflanzenkatalog!$A$2:$AB$632,20,FALSE) -> Frucht
A20: 2UB | B20: Glashaus | C20: Norden/Mauer | D20: Sonne | E20: Niederregal | F20: 2 | G20: unten | H20: B | I20: Platte | J20: nein | K20: trocken | M20: Lager | N20: =VLOOKUP($M20,Pflanzenkatalog!$A$2:$AB$632,2,FALSE) -> Lagerfläche | O20: =VLOOKUP($M20,Pflanzenkatalog!$A$2:$AB$632,3,FALSE) -> 0 | P20: =VLOOKUP($M20,Pflanzenkatalog!$A$2:$AB$632,4,FALSE) -> 0 | Q20: =VLOOKUP($M20,Pflanzenkatalog!$A$2:$AB$632,5,FALSE) -> 0 | R20: =VLOOKUP($M20,Pflanzenkatalog!$A$2:$AB$632,6,FALSE) -> 0 | S20: =VLOOKUP($M20,Pflanzenkatalog!$A$2:$AB$632,7,FALSE) -> 0 | T20: =VLOOKUP($M20,Pflanzenkatalog!$A$2:$AB$632,8,FALSE) -> 0 | U20: =VLOOKUP($M20,Pflanzenkatalog!$A$2:$AB$632,9,FALSE) -> 0 | V20: =VLOOKUP($M20,Pflanzenkatalog!$A$2:$AB$632,10,FALSE) -> 0 | W20: =VLOOKUP($M20,Pflanzenkatalog!$A$2:$AB$632,11,FALSE) -> 0 | X20: =VLOOKUP($M20,Pflanzenkatalog!$A$2:$AB$632,12,FALSE) -> 0 | Y20: =VLOOKUP($M20,Pflanzenkatalog!$A$2:$AB$632,13,FALSE) -> 0 | Z20: =VLOOKUP($M20,Pflanzenkatalog!$A$2:$AB$632,14,FALSE) -> 0 | AA20: =VLOOKUP($M20,Pflanzenkatalog!$A$2:$AB$632,15,FALSE) -> 0 | AB20: =VLOOKUP($M20,Pflanzenkatalog!$A$2:$AB$632,16,FALSE) -> 0 | AC20: =VLOOKUP($M20,Pflanzenkatalog!$A$2:$AB$632,17,FALSE) -> 0 | AD20: =VLOOKUP($M20,Pflanzenkatalog!$A$2:$AB$632,18,FALSE) -> 0 | AE20: =VLOOKUP($M20,Pflanzenkatalog!$A$2:$AB$632,19,FALSE) -> 0 | AF20: =VLOOKUP($M20,Pflanzenkatalog!$A$2:$AB$632,20,FALSE) -> 0
A21: 2UC | B21: Glashaus | C21: Norden/Mauer | D21: Sonne | E21: Niederregal | F21: 2 | G21: unten | H21: C | I21: Platte | J21: nein | K21: trocken | M21: Lager | N21: =VLOOKUP($M21,Pflanzenkatalog!$A$2:$AB$632,2,FALSE) -> Lagerfläche | O21: =VLOOKUP($M21,Pflanzenkatalog!$A$2:$AB$632,3,FALSE) -> 0 | P21: =VLOOKUP($M21,Pflanzenkatalog!$A$2:$AB$632,4,FALSE) -> 0 | Q21: =VLOOKUP($M21,Pflanzenkatalog!$A$2:$AB$632,5,FALSE) -> 0 | R21: =VLOOKUP($M21,Pflanzenkatalog!$A$2:$AB$632,6,FALSE) -> 0 | S21: =VLOOKUP($M21,Pflanzenkatalog!$A$2:$AB$632,7,FALSE) -> 0 | T21: =VLOOKUP($M21,Pflanzenkatalog!$A$2:$AB$632,8,FALSE) -> 0 | U21: =VLOOKUP($M21,Pflanzenkatalog!$A$2:$AB$632,9,FALSE) -> 0 | V21: =VLOOKUP($M21,Pflanzenkatalog!$A$2:$AB$632,10,FALSE) -> 0 | W21: =VLOOKUP($M21,Pflanzenkatalog!$A$2:$AB$632,11,FALSE) -> 0 | X21: =VLOOKUP($M21,Pflanzenkatalog!$A$2:$AB$632,12,FALSE) -> 0 | Y21: =VLOOKUP($M21,Pflanzenkatalog!$A$2:$AB$632,13,FALSE) -> 0 | Z21: =VLOOKUP($M21,Pflanzenkatalog!$A$2:$AB$632,14,FALSE) -> 0 | AA21: =VLOOKUP($M21,Pflanzenkatalog!$A$2:$AB$632,15,FALSE) -> 0 | AB21: =VLOOKUP($M21,Pflanzenkatalog!$A$2:$AB$632,16,FALSE) -> 0 | AC21: =VLOOKUP($M21,Pflanzenkatalog!$A$2:$AB$632,17,FALSE) -> 0 | AD21: =VLOOKUP($M21,Pflanzenkatalog!$A$2:$AB$632,18,FALSE) -> 0 | AE21: =VLOOKUP($M21,Pflanzenkatalog!$A$2:$AB$632,19,FALSE) -> 0 | AF21: =VLOOKUP($M21,Pflanzenkatalog!$A$2:$AB$632,20,FALSE) -> 0
A22: 3OA | B22: Glashaus | C22: Norden/Mauer | D22: Sonne | E22: Niederregal | F22: 3 | G22: oben | H22: A | I22: Stahl 20 | J22: Stäbe | K22: Erde | L22: 2 | M22: 14 | N22: =VLOOKUP($M22,Pflanzenkatalog!$A$2:$AB$632,2,FALSE) -> Chili Lemon Drop | O22: =VLOOKUP($M22,Pflanzenkatalog!$A$2:$AB$632,3,FALSE) -> 01.03. | P22: =VLOOKUP($M22,Pflanzenkatalog!$A$2:$AB$632,4,FALSE) -> 25-30 | Q22: =VLOOKUP($M22,Pflanzenkatalog!$A$2:$AB$632,5,FALSE) -> 10-14 | R22: =VLOOKUP($M22,Pflanzenkatalog!$A$2:$AB$632,6,FALSE) -> 1 | S22: =VLOOKUP($M22,Pflanzenkatalog!$A$2:$AB$632,7,FALSE) -> 01.05. | T22: =VLOOKUP($M22,Pflanzenkatalog!$A$2:$AB$632,8,FALSE) -> nein | U22: =VLOOKUP($M22,Pflanzenkatalog!$A$2:$AB$632,9,FALSE) -> 40 | V22: =VLOOKUP($M22,Pflanzenkatalog!$A$2:$AB$632,10,FALSE) -> 40 | W22: =VLOOKUP($M22,Pflanzenkatalog!$A$2:$AB$632,11,FALSE) -> August | X22: =VLOOKUP($M22,Pflanzenkatalog!$A$2:$AB$632,12,FALSE) -> 80 cm, Anstäben | Y22: =VLOOKUP($M22,Pflanzenkatalog!$A$2:$AB$632,13,FALSE) -> samen greisslerei | Z22: =VLOOKUP($M22,Pflanzenkatalog!$A$2:$AB$632,14,FALSE) -> Rucola, Radieschen, Pertersilie, Basilikum | AA22: =VLOOKUP($M22,Pflanzenkatalog!$A$2:$AB$632,15,FALSE) -> 0 | AB22: =VLOOKUP($M22,Pflanzenkatalog!$A$2:$AB$632,16,FALSE) -> 0 | AC22: =VLOOKUP($M22,Pflanzenkatalog!$A$2:$AB$632,17,FALSE) -> mehrjährig! Jungpflanzen wachsen langsam, vor Frost schützen, langsam abhärten, feuchtes, lockeres und nährstoffreichen Substrat, Boden im Idealfall einen neutralen bis leicht sauren pH-Wert, mit Kompost düngen | AD22: =VLOOKUP($M22,Pflanzenkatalog!$A$2:$AB$632,18,FALSE) -> Diese Sorte hat dünnwandige, leuchtend gelbe Schoten, die eine ausgesprochene Schärfe aufweisen (Schärfegrad 7 – 8). Zusätzlich besitzen sie ein typisches Zitronenaroma. Die Pflanze erreicht im Freiland bis 80 cm Wuchshöhe. Sie ist mehrjährig, aber nicht frosthart! Nutzung: Chilischoten zum Würzen frisch oder getrocknet. Daraus läßt sich ein farblich sehr schönes Chilipulver mahlen. | AE22: =VLOOKUP($M22,Pflanzenkatalog!$A$2:$AB$632,19,FALSE) -> 0 | AF22: =VLOOKUP($M22,Pflanzenkatalog!$A$2:$AB$632,20,FALSE) -> Frucht
A23: 3OA | B23: Glashaus | C23: Norden/Mauer | D23: Sonne | E23: Niederregal | F23: 3 | G23: oben | H23: A | I23: Stahl 20 | J23: Stäbe | K23: Erde | L23: 2 | M23: 51 | N23: =VLOOKUP($M23,Pflanzenkatalog!$A$2:$AB$632,2,FALSE) -> Chili Diavoletto | O23: =VLOOKUP($M23,Pflanzenkatalog!$A$2:$AB$632,3,FALSE) -> 15.02.-15.03. | P23: =VLOOKUP($M23,Pflanzenkatalog!$A$2:$AB$632,4,FALSE) -> 20-25 | Q23: =VLOOKUP($M23,Pflanzenkatalog!$A$2:$AB$632,5,FALSE) -> 10-14 | R23: =VLOOKUP($M23,Pflanzenkatalog!$A$2:$AB$632,6,FALSE) -> 1 | S23: =VLOOKUP($M23,Pflanzenkatalog!$A$2:$AB$632,7,FALSE) -> 15.04.-30.04. | T23: =VLOOKUP($M23,Pflanzenkatalog!$A$2:$AB$632,8,FALSE) -> nein | U23: =VLOOKUP($M23,Pflanzenkatalog!$A$2:$AB$632,9,FALSE) -> 50 | V23: =VLOOKUP($M23,Pflanzenkatalog!$A$2:$AB$632,10,FALSE) -> 70 | W23: =VLOOKUP($M23,Pflanzenkatalog!$A$2:$AB$632,11,FALSE) -> Juli | X23: =VLOOKUP($M23,Pflanzenkatalog!$A$2:$AB$632,12,FALSE) -> 50-80 cm | Y23: =VLOOKUP($M23,Pflanzenkatalog!$A$2:$AB$632,13,FALSE) -> REINSAAT | Z23: =VLOOKUP($M23,Pflanzenkatalog!$A$2:$AB$632,14,FALSE) -> Rucola, Radieschen, Pertersilie, Basilikum | AA23: =VLOOKUP($M23,Pflanzenkatalog!$A$2:$AB$632,15,FALSE) -> 0 | AB23: =VLOOKUP($M23,Pflanzenkatalog!$A$2:$AB$632,16,FALSE) -> 0 | AC23: =VLOOKUP($M23,Pflanzenkatalog!$A$2:$AB$632,17,FALSE) -> mehrjährig! Jungpflanzen wachsen langsam, vor Frost schützen, langsam abhärten, feuchtes, lockeres und nährstoffreichen Substrat, Boden im Idealfall einen neutralen bis leicht sauren pH-Wert, mit Kompost düngen | AD23: =VLOOKUP($M23,Pflanzenkatalog!$A$2:$AB$632,18,FALSE) -> Züchtung ReinSaat. Dekorativer, langgestreckter, fleischiger Chili mit attraktiven lilafarbenen Blüten, Stielen, Kelchen und Blattadern. Die Früchte reifen von lila auf goldbraun zu orangerot ab. Gut geeignet zum Frischverzehr, in Salsas oder zum Einlegen. Für Gewächshaus und geschützte Freilandlagen. Schärfegrad 6 – 7 | AE23: =VLOOKUP($M23,Pflanzenkatalog!$A$2:$AB$632,19,FALSE) -> 0 | AF23: =VLOOKUP($M23,Pflanzenkatalog!$A$2:$AB$632,20,FALSE) -> Frucht
A24: 3OB | B24: Glashaus | C24: Norden/Mauer | D24: Sonne | E24: Niederregal | F24: 3 | G24: oben | H24: B | I24: Stahl 20 | J24: nein | K24: Erde | L24: 2 | M24: 18 | N24: =VLOOKUP($M24,Pflanzenkatalog!$A$2:$AB$632,2,FALSE) -> Paprika spitz rot | O24: =VLOOKUP($M24,Pflanzenkatalog!$A$2:$AB$632,3,FALSE) -> 01.02.-15.04. | P24: =VLOOKUP($M24,Pflanzenkatalog!$A$2:$AB$632,4,FALSE) -> 22-25 | Q24: =VLOOKUP($M24,Pflanzenkatalog!$A$2:$AB$632,5,FALSE) -> 10-14 | R24: =VLOOKUP($M24,Pflanzenkatalog!$A$2:$AB$632,6,FALSE) -> 0,5-1 | S24: =VLOOKUP($M24,Pflanzenkatalog!$A$2:$AB$632,7,FALSE) -> 01.04.-01.06. | T24: =VLOOKUP($M24,Pflanzenkatalog!$A$2:$AB$632,8,FALSE) -> nein | U24: =VLOOKUP($M24,Pflanzenkatalog!$A$2:$AB$632,9,FALSE) -> 60 | V24: =VLOOKUP($M24,Pflanzenkatalog!$A$2:$AB$632,10,FALSE) -> 80 | W24: =VLOOKUP($M24,Pflanzenkatalog!$A$2:$AB$632,11,FALSE) -> Juli | X24: =VLOOKUP($M24,Pflanzenkatalog!$A$2:$AB$632,12,FALSE) -> 50-80 cm | Y24: =VLOOKUP($M24,Pflanzenkatalog!$A$2:$AB$632,13,FALSE) -> SPAR Bio | Z24: =VLOOKUP($M24,Pflanzenkatalog!$A$2:$AB$632,14,FALSE) -> 0 | AA24: =VLOOKUP($M24,Pflanzenkatalog!$A$2:$AB$632,15,FALSE) -> 0 | AB24: =VLOOKUP($M24,Pflanzenkatalog!$A$2:$AB$632,16,FALSE) -> 0 | AC24: =VLOOKUP($M24,Pflanzenkatalog!$A$2:$AB$632,17,FALSE) -> 0 | AD24: =VLOOKUP($M24,Pflanzenkatalog!$A$2:$AB$632,18,FALSE) -> 0 | AE24: =VLOOKUP($M24,Pflanzenkatalog!$A$2:$AB$632,19,FALSE) -> 0 | AF24: =VLOOKUP($M24,Pflanzenkatalog!$A$2:$AB$632,20,FALSE) -> Frucht
A25: 3OB | B25: Glashaus | C25: Norden/Mauer | D25: Sonne | E25: Niederregal | F25: 3 | G25: oben | H25: B | I25: Stahl 20 | J25: nein | K25: Erde | L25: 2 | M25: 50 | N25: =VLOOKUP($M25,Pflanzenkatalog!$A$2:$AB$632,2,FALSE) -> Paprika Snack Hamik | O25: =VLOOKUP($M25,Pflanzenkatalog!$A$2:$AB$632,3,FALSE) -> 15.01.-31.03. | P25: =VLOOKUP($M25,Pflanzenkatalog!$A$2:$AB$632,4,FALSE) -> 20-25 | Q25: =VLOOKUP($M25,Pflanzenkatalog!$A$2:$AB$632,5,FALSE) -> 14-21 | R25: =VLOOKUP($M25,Pflanzenkatalog!$A$2:$AB$632,6,FALSE) -> 0,5-1 | S25: =VLOOKUP($M25,Pflanzenkatalog!$A$2:$AB$632,7,FALSE) -> 15.04.-30.04. | T25: =VLOOKUP($M25,Pflanzenkatalog!$A$2:$AB$632,8,FALSE) -> 15.05.-15.06. | U25: =VLOOKUP($M25,Pflanzenkatalog!$A$2:$AB$632,9,FALSE) -> 50 | V25: =VLOOKUP($M25,Pflanzenkatalog!$A$2:$AB$632,10,FALSE) -> 70 | W25: =VLOOKUP($M25,Pflanzenkatalog!$A$2:$AB$632,11,FALSE) -> Juli | X25: =VLOOKUP($M25,Pflanzenkatalog!$A$2:$AB$632,12,FALSE) -> 20-50 cm | Y25: =VLOOKUP($M25,Pflanzenkatalog!$A$2:$AB$632,13,FALSE) -> REINSAAT | Z25: =VLOOKUP($M25,Pflanzenkatalog!$A$2:$AB$632,14,FALSE) -> Salat | AA25: =VLOOKUP($M25,Pflanzenkatalog!$A$2:$AB$632,15,FALSE) -> Tagetes gegen Nematoden, Viren und weiße Fliege | AB25: =VLOOKUP($M25,Pflanzenkatalog!$A$2:$AB$632,16,FALSE) -> 0 | AC25: =VLOOKUP($M25,Pflanzenkatalog!$A$2:$AB$632,17,FALSE) -> 0 | AD25: =VLOOKUP($M25,Pflanzenkatalog!$A$2:$AB$632,18,FALSE) -> 0 | AE25: =VLOOKUP($M25,Pflanzenkatalog!$A$2:$AB$632,19,FALSE) -> 0 | AF25: =VLOOKUP($M25,Pflanzenkatalog!$A$2:$AB$632,20,FALSE) -> Frucht
A26: 3OC | B26: Glashaus | C26: Norden/Mauer | D26: Sonne | E26: Niederregal | F26: 3 | G26: oben | H26: C | I26: Stahl 30 | J26: Gitter | K26: Erde | L26: 10 | M26: 8 | N26: =VLOOKUP($M26,Pflanzenkatalog!$A$2:$AB$632,2,FALSE) -> Knackerbse Spring Blush | O26: =VLOOKUP($M26,Pflanzenkatalog!$A$2:$AB$632,3,FALSE) -> 01.03.-31.05. | P26: =VLOOKUP($M26,Pflanzenkatalog!$A$2:$AB$632,4,FALSE) -> 10-20 | Q26: =VLOOKUP($M26,Pflanzenkatalog!$A$2:$AB$632,5,FALSE) -> 8-14 | R26: =VLOOKUP($M26,Pflanzenkatalog!$A$2:$AB$632,6,FALSE) -> 3 | S26: =VLOOKUP($M26,Pflanzenkatalog!$A$2:$AB$632,7,FALSE) -> 0 | T26: =VLOOKUP($M26,Pflanzenkatalog!$A$2:$AB$632,8,FALSE) -> 01.03.-31.05. | U26: =VLOOKUP($M26,Pflanzenkatalog!$A$2:$AB$632,9,FALSE) -> 3 | V26: =VLOOKUP($M26,Pflanzenkatalog!$A$2:$AB$632,10,FALSE) -> 30 | W26: =VLOOKUP($M26,Pflanzenkatalog!$A$2:$AB$632,11,FALSE) -> Mai | X26: =VLOOKUP($M26,Pflanzenkatalog!$A$2:$AB$632,12,FALSE) -> ca. bis 120 cm, Rankhilfe | Y26: =VLOOKUP($M26,Pflanzenkatalog!$A$2:$AB$632,13,FALSE) -> Sorten WERKSTATT | Z26: =VLOOKUP($M26,Pflanzenkatalog!$A$2:$AB$632,14,FALSE) -> Dill, Fenchel, Gurken, Kohlarten, Mais, Möhren, Kohlrabi, Kopfsalat, Radieschen, Zucchini | AA26: =VLOOKUP($M26,Pflanzenkatalog!$A$2:$AB$632,15,FALSE) -> 0 | AB26: =VLOOKUP($M26,Pflanzenkatalog!$A$2:$AB$632,16,FALSE) -> Bohnen, Kartoffeln, Knoblauch, Lauch, Tomaten, Zwiebeln | AC26: =VLOOKUP($M26,Pflanzenkatalog!$A$2:$AB$632,17,FALSE) -> Halbschatten, Erbsen nicht zu spät aussäen Die meisten Erbsensorten bilden an kühlen, kurzen Tagen nur Blätter. Erst wenn die Tage länger werden und die Temperaturen steigen, meist ab Mitte Mai, entwickeln sich Blüten. Wer viel ernten möchte, sät die Erbsen so früh wie möglich, damit die Pflanzen vor der Blütenbildung noch lange wachsen, empfehlenswert ist es, die Erbsen spätestens Ende April zu säen. | AD26: =VLOOKUP($M26,Pflanzenkatalog!$A$2:$AB$632,18,FALSE) -> Knackerbse, das heißt, die Hülsen sind sehr knackig und süß, nicht fädig und somit lang beerntbar. Nicht vergleichbar mit Zuckererbsen! Diese neue Sorte hat grün-violetten Schoten, ist aber noch nicht ganz einheitlich durchselektiert. Nutzbar sind die Schoten (frisch und gekocht), die frischen Erbsensamen und die Ranken, von denen die Pflanze zahlreiche bildet. Sehr schön! Aussaat ab März. Direktsaat. Rankhilfe notwenig. | AE26: =VLOOKUP($M26,Pflanzenkatalog!$A$2:$AB$632,19,FALSE) -> 0 | AF26: =VLOOKUP($M26,Pflanzenkatalog!$A$2:$AB$632,20,FALSE) -> Hülse
A27: 3UA | B27: Glashaus | C27: Norden/Mauer | D27: Sonne | E27: Niederregal | F27: 3 | G27: unten | H27: A | I27: Stahl 30 | J27: Tomatenhaken | K27: Erde | L27: 1 | M27: 1 | N27: =VLOOKUP($M27,Pflanzenkatalog!$A$2:$AB$632,2,FALSE) -> Fleischparadeiser Rotes Herz | O27: =VLOOKUP($M27,Pflanzenkatalog!$A$2:$AB$632,3,FALSE) -> 15.03-15.04 | P27: =VLOOKUP($M27,Pflanzenkatalog!$A$2:$AB$632,4,FALSE) -> 20-25 | Q27: =VLOOKUP($M27,Pflanzenkatalog!$A$2:$AB$632,5,FALSE) -> 8-10 | R27: =VLOOKUP($M27,Pflanzenkatalog!$A$2:$AB$632,6,FALSE) -> Licht | S27: =VLOOKUP($M27,Pflanzenkatalog!$A$2:$AB$632,7,FALSE) -> 15.05-31.05. | T27: =VLOOKUP($M27,Pflanzenkatalog!$A$2:$AB$632,8,FALSE) -> nein | U27: =VLOOKUP($M27,Pflanzenkatalog!$A$2:$AB$632,9,FALSE) -> 50 | V27: =VLOOKUP($M27,Pflanzenkatalog!$A$2:$AB$632,10,FALSE) -> 100 | W27: =VLOOKUP($M27,Pflanzenkatalog!$A$2:$AB$632,11,FALSE) -> August | X27: =VLOOKUP($M27,Pflanzenkatalog!$A$2:$AB$632,12,FALSE) -> unbegrenzt, locker belaubt, wirkt im Jugendstadium schwach, bisweilen bräunliche Blätter die später verschwinden | Y27: =VLOOKUP($M27,Pflanzenkatalog!$A$2:$AB$632,13,FALSE) -> Arche Noah | Z27: =VLOOKUP($M27,Pflanzenkatalog!$A$2:$AB$632,14,FALSE) -> Buschbohne, Knoblauch, Kohl, Kohlrabi | AA27: =VLOOKUP($M27,Pflanzenkatalog!$A$2:$AB$632,15,FALSE) -> Basilikum, gegen Mehltau und weiße Fliege Tagetes, gegen Nematoden, Viren und weiße Fliege | AB27: =VLOOKUP($M27,Pflanzenkatalog!$A$2:$AB$632,16,FALSE) -> Erbse, Fenchel, Kartoffeln | AC27: =VLOOKUP($M27,Pflanzenkatalog!$A$2:$AB$632,17,FALSE) -> Ausgeizen, Mulchen, warm, Schutz vor Regen, mäßig von unten gießen | AD27: =VLOOKUP($M27,Pflanzenkatalog!$A$2:$AB$632,18,FALSE) -> Das rotes Ochsenherz lässt sich vielfältig verwenden, für Suppen, Saucen und Salate. Die Ausgewogenheit von Süße und Säure ergibt einen sehr guten Geschmack, herzförmig, schwach gerippt und 10-12 cm groß. Ursprünglich stammt die Sorte aus Kroatien. | AE27: =VLOOKUP($M27,Pflanzenkatalog!$A$2:$AB$632,19,FALSE) -> 0 | AF27: =VLOOKUP($M27,Pflanzenkatalog!$A$2:$AB$632,20,FALSE) -> Frucht
A28: 3UA | B28: Glashaus | C28: Norden/Mauer | D28: Sonne | E28: Niederregal | F28: 3 | G28: unten | H28: A | I28: Stahl 30 | J28: Tomatenhaken | K28: Erde | L28: 1 | M28: 48 | N28: =VLOOKUP($M28,Pflanzenkatalog!$A$2:$AB$632,2,FALSE) -> Salatparadeiser gestreift SPAR | O28: =VLOOKUP($M28,Pflanzenkatalog!$A$2:$AB$632,3,FALSE) -> 15.03-15.04. | P28: =VLOOKUP($M28,Pflanzenkatalog!$A$2:$AB$632,4,FALSE) -> 20-25 | Q28: =VLOOKUP($M28,Pflanzenkatalog!$A$2:$AB$632,5,FALSE) -> 8-10 | R28: =VLOOKUP($M28,Pflanzenkatalog!$A$2:$AB$632,6,FALSE) -> Licht | S28: =VLOOKUP($M28,Pflanzenkatalog!$A$2:$AB$632,7,FALSE) -> 15.05-31.05. | T28: =VLOOKUP($M28,Pflanzenkatalog!$A$2:$AB$632,8,FALSE) -> nein | U28: =VLOOKUP($M28,Pflanzenkatalog!$A$2:$AB$632,9,FALSE) -> 50 | V28: =VLOOKUP($M28,Pflanzenkatalog!$A$2:$AB$632,10,FALSE) -> 80 | W28: =VLOOKUP($M28,Pflanzenkatalog!$A$2:$AB$632,11,FALSE) -> Juli | X28: =VLOOKUP($M28,Pflanzenkatalog!$A$2:$AB$632,12,FALSE) -> Stabtomate | Y28: =VLOOKUP($M28,Pflanzenkatalog!$A$2:$AB$632,13,FALSE) -> SPAR Bio | Z28: =VLOOKUP($M28,Pflanzenkatalog!$A$2:$AB$632,14,FALSE) -> Buschbohne, Knoblauch, Kohl, Kohlrabi | AA28: =VLOOKUP($M28,Pflanzenkatalog!$A$2:$AB$632,15,FALSE) -> Basilikum, gegen Mehltau und weiße Fliege Tagetes, gegen Nematoden, Viren und weiße Fliege | AB28: =VLOOKUP($M28,Pflanzenkatalog!$A$2:$AB$632,16,FALSE) -> Erbse, Fenchel, Kartoffeln | AC28: =VLOOKUP($M28,Pflanzenkatalog!$A$2:$AB$632,17,FALSE) -> 0 | AD28: =VLOOKUP($M28,Pflanzenkatalog!$A$2:$AB$632,18,FALSE) -> Im Salat kommt der süß-aromatische Geschmack hervorragend zur Geltung. Extrem frühreifend ist die Sorte auch für rauhere Lagen empfehlenswert. Die roten, runden, ca. 4 cm großen Früchte kann man die ganze Saison über ernten. | AE28: =VLOOKUP($M28,Pflanzenkatalog!$A$2:$AB$632,19,FALSE) -> 0 | AF28: =VLOOKUP($M28,Pflanzenkatalog!$A$2:$AB$632,20,FALSE) -> Frucht
A29: 3UA | B29: Glashaus | C29: Norden/Mauer | D29: Sonne | E29: Niederregal | F29: 3 | G29: unten | H29: A | I29: Stahl 30 | J29: Tomatenhaken | K29: Erde | L29: 1 | M29: 3 | N29: =VLOOKUP($M29,Pflanzenkatalog!$A$2:$AB$632,2,FALSE) -> Basilikum Genoveser | O29: =VLOOKUP($M29,Pflanzenkatalog!$A$2:$AB$632,3,FALSE) -> 01.01.-31.12. | P29: =VLOOKUP($M29,Pflanzenkatalog!$A$2:$AB$632,4,FALSE) -> 18-22 | Q29: =VLOOKUP($M29,Pflanzenkatalog!$A$2:$AB$632,5,FALSE) -> 14-18 | R29: =VLOOKUP($M29,Pflanzenkatalog!$A$2:$AB$632,6,FALSE) -> Licht | S29: =VLOOKUP($M29,Pflanzenkatalog!$A$2:$AB$632,7,FALSE) -> 01.05. | T29: =VLOOKUP($M29,Pflanzenkatalog!$A$2:$AB$632,8,FALSE) -> 31.05.-31.07. | U29: =VLOOKUP($M29,Pflanzenkatalog!$A$2:$AB$632,9,FALSE) -> 30 | V29: =VLOOKUP($M29,Pflanzenkatalog!$A$2:$AB$632,10,FALSE) -> 30 | W29: =VLOOKUP($M29,Pflanzenkatalog!$A$2:$AB$632,11,FALSE) -> Ganzjährig | X29: =VLOOKUP($M29,Pflanzenkatalog!$A$2:$AB$632,12,FALSE) -> Busch bis 50 cm | Y29: =VLOOKUP($M29,Pflanzenkatalog!$A$2:$AB$632,13,FALSE) -> samenmaier Bio | Z29: =VLOOKUP($M29,Pflanzenkatalog!$A$2:$AB$632,14,FALSE) -> Tomaten, Gurken, Kohl gegen Mehltau und weiße Fliege | AA29: =VLOOKUP($M29,Pflanzenkatalog!$A$2:$AB$632,15,FALSE) -> 0 | AB29: =VLOOKUP($M29,Pflanzenkatalog!$A$2:$AB$632,16,FALSE) -> 0 | AC29: =VLOOKUP($M29,Pflanzenkatalog!$A$2:$AB$632,17,FALSE) -> sonniger Standort , durchlässiger Boden | AD29: =VLOOKUP($M29,Pflanzenkatalog!$A$2:$AB$632,18,FALSE) -> Bekommt sie genügend Wärme, wächst sie sehr rasch. | AE29: =VLOOKUP($M29,Pflanzenkatalog!$A$2:$AB$632,19,FALSE) -> 0 | AF29: =VLOOKUP($M29,Pflanzenkatalog!$A$2:$AB$632,20,FALSE) -> Kräuter
A30: 3UB | B30: Glashaus | C30: Norden/Mauer | D30: Sonne | E30: Niederregal | F30: 3 | G30: unten | H30: B | I30: Stahl 20 | J30: nein | K30: Erde | L30: 3 | M30: 4 | N30: =VLOOKUP($M30,Pflanzenkatalog!$A$2:$AB$632,2,FALSE) -> Kohlrabi Superschmelz | O30: =VLOOKUP($M30,Pflanzenkatalog!$A$2:$AB$632,3,FALSE) -> 15.02.-15.03. | P30: =VLOOKUP($M30,Pflanzenkatalog!$A$2:$AB$632,4,FALSE) -> 16-20 | Q30: =VLOOKUP($M30,Pflanzenkatalog!$A$2:$AB$632,5,FALSE) -> 5-8 | R30: =VLOOKUP($M30,Pflanzenkatalog!$A$2:$AB$632,6,FALSE) -> 2 | S30: =VLOOKUP($M30,Pflanzenkatalog!$A$2:$AB$632,7,FALSE) -> 01.04. | T30: =VLOOKUP($M30,Pflanzenkatalog!$A$2:$AB$632,8,FALSE) -> 01.04.-31.05. | U30: =VLOOKUP($M30,Pflanzenkatalog!$A$2:$AB$632,9,FALSE) -> 60 | V30: =VLOOKUP($M30,Pflanzenkatalog!$A$2:$AB$632,10,FALSE) -> 60 | W30: =VLOOKUP($M30,Pflanzenkatalog!$A$2:$AB$632,11,FALSE) -> August | X30: =VLOOKUP($M30,Pflanzenkatalog!$A$2:$AB$632,12,FALSE) -> Riesenkohlrabi, bis zu 8 kg | Y30: =VLOOKUP($M30,Pflanzenkatalog!$A$2:$AB$632,13,FALSE) -> samenmaier Bio | Z30: =VLOOKUP($M30,Pflanzenkatalog!$A$2:$AB$632,14,FALSE) -> Bohnen, Erbsen, Kartoffeln, Kopfsalat, Tomaten, Radieschen, Rote Bete, Sellerie, Spinat, Lauch | AA30: =VLOOKUP($M30,Pflanzenkatalog!$A$2:$AB$632,15,FALSE) -> 0 | AB30: =VLOOKUP($M30,Pflanzenkatalog!$A$2:$AB$632,16,FALSE) -> 0 | AC30: =VLOOKUP($M30,Pflanzenkatalog!$A$2:$AB$632,17,FALSE) -> Frostfrei! Schatten, Knolle kein Erdkontakt wegen Schimmel. Kohlanbaufläche jährlich wechseln! Nährstoffreicher, humosen Boder. Bei Trockenheit regelmäßig gießen, damit die Kohlrabi nicht platzen. Wasser- und Nährstoffmangel führt zu Wachstumsstockungen, mehrmals düngen. | AD30: =VLOOKUP($M30,Pflanzenkatalog!$A$2:$AB$632,18,FALSE) -> Zur Lagerung und zum Tiefgefrieren bestens geeignet. Alle Kohlarten sind von allen Gemüse-Arten am längsten lagerbar und gelten als typisches Wintergemüse. Schon seit der Steinzeit wird vermutet, dass Kohl als Lebensmittel für uns gedient hat. | AE30: =VLOOKUP($M30,Pflanzenkatalog!$A$2:$AB$632,19,FALSE) -> 0 | AF30: =VLOOKUP($M30,Pflanzenkatalog!$A$2:$AB$632,20,FALSE) -> Kohl
A31: 3UC | B31: Glashaus | C31: Norden/Mauer | D31: Sonne | E31: Niederregal | F31: 3 | G31: unten | H31: C | I31: Platte | J31: nein | K31: Erde | L31: 25 | M31: 10 | N31: =VLOOKUP($M31,Pflanzenkatalog!$A$2:$AB$632,2,FALSE) -> Schnittsalat Asia Oriental Mix | O31: =VLOOKUP($M31,Pflanzenkatalog!$A$2:$AB$632,3,FALSE) -> 01.01.-30.04. | P31: =VLOOKUP($M31,Pflanzenkatalog!$A$2:$AB$632,4,FALSE) -> 10-20 | Q31: =VLOOKUP($M31,Pflanzenkatalog!$A$2:$AB$632,5,FALSE) -> 8-15 | R31: =VLOOKUP($M31,Pflanzenkatalog!$A$2:$AB$632,6,FALSE) -> 1-2 | S31: =VLOOKUP($M31,Pflanzenkatalog!$A$2:$AB$632,7,FALSE) -> 01.02. | T31: =VLOOKUP($M31,Pflanzenkatalog!$A$2:$AB$632,8,FALSE) -> 15.07.-01.10. | U31: =VLOOKUP($M31,Pflanzenkatalog!$A$2:$AB$632,9,FALSE) -> Streu | V31: =VLOOKUP($M31,Pflanzenkatalog!$A$2:$AB$632,10,FALSE) -> Streu | W31: =VLOOKUP($M31,Pflanzenkatalog!$A$2:$AB$632,11,FALSE) -> März | X31: =VLOOKUP($M31,Pflanzenkatalog!$A$2:$AB$632,12,FALSE) -> breitwürfig, mehrfacher Schnitt | Y31: =VLOOKUP($M31,Pflanzenkatalog!$A$2:$AB$632,13,FALSE) -> REINSAAT | Z31: =VLOOKUP($M31,Pflanzenkatalog!$A$2:$AB$632,14,FALSE) -> Bohnen, Dill, Erbsen, Erdbeeren, Gurken, Kohl, Lauch, Möhren, Tomaten, Zwiebeln | AA31: =VLOOKUP($M31,Pflanzenkatalog!$A$2:$AB$632,15,FALSE) -> Kerbel, gegen Läuse | AB31: =VLOOKUP($M31,Pflanzenkatalog!$A$2:$AB$632,16,FALSE) -> Petersilie, Sellerie | AC31: =VLOOKUP($M31,Pflanzenkatalog!$A$2:$AB$632,17,FALSE) -> frosttolerant, Direktsaat Freiland unter Vlies ab Februar/März und Juli bis Ende September, Voranzucht für frostfreies Gewächshaus ab Juli bis Jänner für satzweisen Anbau, Kalthaus Februar bis April | AD31: =VLOOKUP($M31,Pflanzenkatalog!$A$2:$AB$632,18,FALSE) -> Oriental Mix ist eine bunte Cut-and-Come- Again-Salatmischung aus den frostverträglichen Asia-Blattgemüsesorten Pak Choi, Bok Choi, Mizuna, Mibuna, Purple Wave, Rouge metis, Grün im Schnee, Red Giant und anderen. Die Sortenmischung umfasst alle Geschmäcker von feinwürzig bis senfartig scharf. | AE31: =VLOOKUP($M31,Pflanzenkatalog!$A$2:$AB$632,19,FALSE) -> 0 | AF31: =VLOOKUP($M31,Pflanzenkatalog!$A$2:$AB$632,20,FALSE) -> Blatt
A32: 3UC | B32: Glashaus | C32: Norden/Mauer | D32: Sonne | E32: Niederregal | F32: 3 | G32: unten | H32: C | I32: Platte | J32: nein | K32: Erde | L32: 25 | M32: 11 | N32: =VLOOKUP($M32,Pflanzenkatalog!$A$2:$AB$632,2,FALSE) -> Schnittsalat Misticanza | O32: =VLOOKUP($M32,Pflanzenkatalog!$A$2:$AB$632,3,FALSE) -> 01.01.-30.04. | P32: =VLOOKUP($M32,Pflanzenkatalog!$A$2:$AB$632,4,FALSE) -> 10-15 | Q32: =VLOOKUP($M32,Pflanzenkatalog!$A$2:$AB$632,5,FALSE) -> 7-14 | R32: =VLOOKUP($M32,Pflanzenkatalog!$A$2:$AB$632,6,FALSE) -> 1-2 | S32: =VLOOKUP($M32,Pflanzenkatalog!$A$2:$AB$632,7,FALSE) -> 01.02. | T32: =VLOOKUP($M32,Pflanzenkatalog!$A$2:$AB$632,8,FALSE) -> 01.02.-01.09. | U32: =VLOOKUP($M32,Pflanzenkatalog!$A$2:$AB$632,9,FALSE) -> Streu | V32: =VLOOKUP($M32,Pflanzenkatalog!$A$2:$AB$632,10,FALSE) -> Streu | W32: =VLOOKUP($M32,Pflanzenkatalog!$A$2:$AB$632,11,FALSE) -> Februar | X32: =VLOOKUP($M32,Pflanzenkatalog!$A$2:$AB$632,12,FALSE) -> breitwürfig, mehrfacher Schnitt | Y32: =VLOOKUP($M32,Pflanzenkatalog!$A$2:$AB$632,13,FALSE) -> REINSAAT | Z32: =VLOOKUP($M32,Pflanzenkatalog!$A$2:$AB$632,14,FALSE) -> Bohnen, Dill, Erbsen, Erdbeeren, Gurken, Kohl, Lauch, Möhren, Tomaten, Zwiebeln | AA32: =VLOOKUP($M32,Pflanzenkatalog!$A$2:$AB$632,15,FALSE) -> Kerbel, gegen Läuse | AB32: =VLOOKUP($M32,Pflanzenkatalog!$A$2:$AB$632,16,FALSE) -> Petersilie, Sellerie | AC32: =VLOOKUP($M32,Pflanzenkatalog!$A$2:$AB$632,17,FALSE) -> Direktsaat ab Februar mit Folgesaaten bis Anfang September. | AD32: =VLOOKUP($M32,Pflanzenkatalog!$A$2:$AB$632,18,FALSE) -> Traditioneller, italienischer Sorten- und Artenmix. Beliebte Pflücksalat-Mischung aus den roten und grünen Pflücksalaten, Romana- und Eichblattsalaten, Schnittzichorien, Rucola und der typischen Spezialität des Original-Misticanza Hirschhornwegerichs (Herba Stella). | AE32: =VLOOKUP($M32,Pflanzenkatalog!$A$2:$AB$632,19,FALSE) -> 0 | AF32: =VLOOKUP($M32,Pflanzenkatalog!$A$2:$AB$632,20,FALSE) -> Blatt
A33: 4OA | B33: Glashaus | C33: Süden/Thujen | D33: Halbschatten/Schatten | E33: Niederregal | F33: 4 | G33: oben | H33: A | I33: Stahl 30 | J33: nein | K33: Erde | L33: 2 | M33: 23 | N33: =VLOOKUP($M33,Pflanzenkatalog!$A$2:$AB$632,2,FALSE) -> Aubergine Melanzani | O33: =VLOOKUP($M33,Pflanzenkatalog!$A$2:$AB$632,3,FALSE) -> 01.02. | P33: =VLOOKUP($M33,Pflanzenkatalog!$A$2:$AB$632,4,FALSE) -> 20-25 | Q33: =VLOOKUP($M33,Pflanzenkatalog!$A$2:$AB$632,5,FALSE) -> 7-21 | R33: =VLOOKUP($M33,Pflanzenkatalog!$A$2:$AB$632,6,FALSE) -> 1-2 | S33: =VLOOKUP($M33,Pflanzenkatalog!$A$2:$AB$632,7,FALSE) -> 15.05. | T33: =VLOOKUP($M33,Pflanzenkatalog!$A$2:$AB$632,8,FALSE) -> nein | U33: =VLOOKUP($M33,Pflanzenkatalog!$A$2:$AB$632,9,FALSE) -> 60 | V33: =VLOOKUP($M33,Pflanzenkatalog!$A$2:$AB$632,10,FALSE) -> 100 | W33: =VLOOKUP($M33,Pflanzenkatalog!$A$2:$AB$632,11,FALSE) -> Juni | X33: =VLOOKUP($M33,Pflanzenkatalog!$A$2:$AB$632,12,FALSE) -> 150 x 150 cm, Rankhilfe erforderlich | Y33: =VLOOKUP($M33,Pflanzenkatalog!$A$2:$AB$632,13,FALSE) -> Plantura | Z33: =VLOOKUP($M33,Pflanzenkatalog!$A$2:$AB$632,14,FALSE) -> Salat | AA33: =VLOOKUP($M33,Pflanzenkatalog!$A$2:$AB$632,15,FALSE) -> 0 | AB33: =VLOOKUP($M33,Pflanzenkatalog!$A$2:$AB$632,16,FALSE) -> Zucchini, Kürbisse, rauben zuviel Platz, Tomaten und Paprika wegen der Schädlinge nicht zu Auberginen setzen | AC33: =VLOOKUP($M33,Pflanzenkatalog!$A$2:$AB$632,17,FALSE) -> Auberginen lieben einen nährstoffreichen Boden. Es sollte deshalb am besten vor dem Auspflanzen reifer Kompost oder ein Langzeitdünger eingearbeitet werden, ein geschützter, sonniger Standort an einer Südwand ist ideal. Anbaupause von etwa vier Jahren. | AD33: =VLOOKUP($M33,Pflanzenkatalog!$A$2:$AB$632,18,FALSE) -> 0 | AE33: =VLOOKUP($M33,Pflanzenkatalog!$A$2:$AB$632,19,FALSE) -> 0 | AF33: =VLOOKUP($M33,Pflanzenkatalog!$A$2:$AB$632,20,FALSE) -> Frucht
... A37: 4UA | B37: Glashaus | C37: Süden/Thujen | D37: Halbschatten/Schatten | E37: Niederregal | F37: 4 | G37: unten | H37: A | I37: Stahl 30 | J37: Tomatenhaken | K37: Erde | L37: 1 | M37: 2 | N37: =VLOOKUP($M37,Pflanzenkatalog!$A$2:$AB$632,2,FALSE) -> Salatparadeiser Quedlinburger Frühe Liebe | O37: =VLOOKUP($M37,Pflanzenkatalog!$A$2:$AB$632,3,FALSE) -> 15.03-15.04 | P37: =VLOOKUP($M37,Pflanzenkatalog!$A$2:$AB$632,4,FALSE) -> 20-25 | Q37: =VLOOKUP($M37,Pflanzenkatalog!$A$2:$AB$632,5,FALSE) -> 8-10 | R37: =VLOOKUP($M37,Pflanzenkatalog!$A$2:$AB$632,6,FALSE) -> Licht | S37: =VLOOKUP($M37,Pflanzenkatalog!$A$2:$AB$632,7,FALSE) -> 15.05-31.05. | T37: =VLOOKUP($M37,Pflanzenkatalog!$A$2:$AB$632,8,FALSE) -> nein | U37: =VLOOKUP($M37,Pflanzenkatalog!$A$2:$AB$632,9,FALSE) -> 50 | V37: =VLOOKUP($M37,Pflanzenkatalog!$A$2:$AB$632,10,FALSE) -> 80 | W37: =VLOOKUP($M37,Pflanzenkatalog!$A$2:$AB$632,11,FALSE) -> Juli | X37: =VLOOKUP($M37,Pflanzenkatalog!$A$2:$AB$632,12,FALSE) -> Stabtomate wächst bis 1,2 m hoch und hat kartoffelblättriges lockeres Laub | Y37: =VLOOKUP($M37,Pflanzenkatalog!$A$2:$AB$632,13,FALSE) -> Arche Noah | Z37: =VLOOKUP($M37,Pflanzenkatalog!$A$2:$AB$632,14,FALSE) -> Buschbohne, Knoblauch, Kohl, Kohlrabi | AA37: =VLOOKUP($M37,Pflanzenkatalog!$A$2:$AB$632,15,FALSE) -> Basilikum, gegen Mehltau und weiße Fliege Tagetes, gegen Nematoden, Viren und weiße Fliege | AB37: =VLOOKUP($M37,Pflanzenkatalog!$A$2:$AB$632,16,FALSE) -> Erbse, Fenchel, Kartoffeln | AC37: =VLOOKUP($M37,Pflanzenkatalog!$A$2:$AB$632,17,FALSE) -> nicht ausgeizen, Mulchen, warm, Schutz vor Regen, mäßig von unten gießen | AD37: =VLOOKUP($M37,Pflanzenkatalog!$A$2:$AB$632,18,FALSE) -> Im Salat kommt der süß-aromatische Geschmack hervorragend zur Geltung. Extrem frühreifend ist die Sorte auch für rauhere Lagen empfehlenswert. Die roten, runden, ca. 4 cm großen Früchte kann man die ganze Saison über ernten. | AE37: =VLOOKUP($M37,Pflanzenkatalog!$A$2:$AB$632,19,FALSE) -> 0 | AF37: =VLOOKUP($M37,Pflanzenkatalog!$A$2:$AB$632,20,FALSE) -> Frucht
A38: 4UB | B38: Glashaus | C38: Süden/Thujen | D38: Halbschatten/Schatten | E38: Niederregal | F38: 4 | G38: unten | H38: B | I38: Platte | J38: nein | K38: Erde | M38: Lager | N38: =VLOOKUP($M38,Pflanzenkatalog!$A$2:$AB$632,2,FALSE) -> Lagerfläche | O38: =VLOOKUP($M38,Pflanzenkatalog!$A$2:$AB$632,3,FALSE) -> 0 | P38: =VLOOKUP($M38,Pflanzenkatalog!$A$2:$AB$632,4,FALSE) -> 0 | Q38: =VLOOKUP($M38,Pflanzenkatalog!$A$2:$AB$632,5,FALSE) -> 0 | R38: =VLOOKUP($M38,Pflanzenkatalog!$A$2:$AB$632,6,FALSE) -> 0 | S38: =VLOOKUP($M38,Pflanzenkatalog!$A$2:$AB$632,7,FALSE) -> 0 | T38: =VLOOKUP($M38,Pflanzenkatalog!$A$2:$AB$632,8,FALSE) -> 0 | U38: =VLOOKUP($M38,Pflanzenkatalog!$A$2:$AB$632,9,FALSE) -> 0 | V38: =VLOOKUP($M38,Pflanzenkatalog!$A$2:$AB$632,10,FALSE) -> 0 | W38: =VLOOKUP($M38,Pflanzenkatalog!$A$2:$AB$632,11,FALSE) -> 0 | X38: =VLOOKUP($M38,Pflanzenkatalog!$A$2:$AB$632,12,FALSE) -> 0 | Y38: =VLOOKUP($M38,Pflanzenkatalog!$A$2:$AB$632,13,FALSE) -> 0 | Z38: =VLOOKUP($M38,Pflanzenkatalog!$A$2:$AB$632,14,FALSE) -> 0 | AA38: =VLOOKUP($M38,Pflanzenkatalog!$A$2:$AB$632,15,FALSE) -> 0 | AB38: =VLOOKUP($M38,Pflanzenkatalog!$A$2:$AB$632,16,FALSE) -> 0 | AC38: =VLOOKUP($M38,Pflanzenkatalog!$A$2:$AB$632,17,FALSE) -> 0 | AD38: =VLOOKUP($M38,Pflanzenkatalog!$A$2:$AB$632,18,FALSE) -> 0 | AE38: =VLOOKUP($M38,Pflanzenkatalog!$A$2:$AB$632,19,FALSE) -> 0 | AF38: =VLOOKUP($M38,Pflanzenkatalog!$A$2:$AB$632,20,FALSE) -> 0
A39: 4UC | B39: Glashaus | C39: Süden/Thujen | D39: Halbschatten/Schatten | E39: Niederregal | F39: 4 | G39: unten | H39: C | I39: Stahl 30 | J39: Tomatenhaken | K39: Erde | L39: 1 | M39: 48 | N39: =VLOOKUP($M39,Pflanzenkatalog!$A$2:$AB$632,2,FALSE) -> Salatparadeiser gestreift SPAR | O39: =VLOOKUP($M39,Pflanzenkatalog!$A$2:$AB$632,3,FALSE) -> 15.03-15.04. | P39: =VLOOKUP($M39,Pflanzenkatalog!$A$2:$AB$632,4,FALSE) -> 20-25 | Q39: =VLOOKUP($M39,Pflanzenkatalog!$A$2:$AB$632,5,FALSE) -> 8-10 | R39: =VLOOKUP($M39,Pflanzenkatalog!$A$2:$AB$632,6,FALSE) -> Licht | S39: =VLOOKUP($M39,Pflanzenkatalog!$A$2:$AB$632,7,FALSE) -> 15.05-31.05. | T39: =VLOOKUP($M39,Pflanzenkatalog!$A$2:$AB$632,8,FALSE) -> nein | U39: =VLOOKUP($M39,Pflanzenkatalog!$A$2:$AB$632,9,FALSE) -> 50 | V39: =VLOOKUP($M39,Pflanzenkatalog!$A$2:$AB$632,10,FALSE) -> 80 | W39: =VLOOKUP($M39,Pflanzenkatalog!$A$2:$AB$632,11,FALSE) -> Juli | X39: =VLOOKUP($M39,Pflanzenkatalog!$A$2:$AB$632,12,FALSE) -> Stabtomate | Y39: =VLOOKUP($M39,Pflanzenkatalog!$A$2:$AB$632,13,FALSE) -> SPAR Bio | Z39: =VLOOKUP($M39,Pflanzenkatalog!$A$2:$AB$632,14,FALSE) -> Buschbohne, Knoblauch, Kohl, Kohlrabi | AA39: =VLOOKUP($M39,Pflanzenkatalog!$A$2:$AB$632,15,FALSE) -> Basilikum, gegen Mehltau und weiße Fliege Tagetes, gegen Nematoden, Viren und weiße Fliege | AB39: =VLOOKUP($M39,Pflanzenkatalog!$A$2:$AB$632,16,FALSE) -> Erbse, Fenchel, Kartoffeln | AC39: =VLOOKUP($M39,Pflanzenkatalog!$A$2:$AB$632,17,FALSE) -> 0 | AD39: =VLOOKUP($M39,Pflanzenkatalog!$A$2:$AB$632,18,FALSE) -> Im Salat kommt der süß-aromatische Geschmack hervorragend zur Geltung. Extrem frühreifend ist die Sorte auch für rauhere Lagen empfehlenswert. Die roten, runden, ca. 4 cm großen Früchte kann man die ganze Saison über ernten. | AE39: =VLOOKUP($M39,Pflanzenkatalog!$A$2:$AB$632,19,FALSE) -> 0 | AF39: =VLOOKUP($M39,Pflanzenkatalog!$A$2:$AB$632,20,FALSE) -> Frucht
A40: 4UC | B40: Glashaus | C40: Süden/Thujen | D40: Halbschatten/Schatten | E40: Niederregal | F40: 4 | G40: unten | H40: C | I40: Stahl 30 | J40: Tomatenhaken | K40: Erde | L40: 1 | M40: 2 | N40: =VLOOKUP($M40,Pflanzenkatalog!$A$2:$AB$632,2,FALSE) -> Salatparadeiser Quedlinburger Frühe Liebe | O40: =VLOOKUP($M40,Pflanzenkatalog!$A$2:$AB$632,3,FALSE) -> 15.03-15.04 | P40: =VLOOKUP($M40,Pflanzenkatalog!$A$2:$AB$632,4,FALSE) -> 20-25 | Q40: =VLOOKUP($M40,Pflanzenkatalog!$A$2:$AB$632,5,FALSE) -> 8-10 | R40: =VLOOKUP($M40,Pflanzenkatalog!$A$2:$AB$632,6,FALSE) -> Licht | S40: =VLOOKUP($M40,Pflanzenkatalog!$A$2:$AB$632,7,FALSE) -> 15.05-31.05. | T40: =VLOOKUP($M40,Pflanzenkatalog!$A$2:$AB$632,8,FALSE) -> nein | U40: =VLOOKUP($M40,Pflanzenkatalog!$A$2:$AB$632,9,FALSE) -> 50 | V40: =VLOOKUP($M40,Pflanzenkatalog!$A$2:$AB$632,10,FALSE) -> 80 | W40: =VLOOKUP($M40,Pflanzenkatalog!$A$2:$AB$632,11,FALSE) -> Juli | X40: =VLOOKUP($M40,Pflanzenkatalog!$A$2:$AB$632,12,FALSE) -> Stabtomate wächst bis 1,2 m hoch und hat kartoffelblättriges lockeres Laub | Y40: =VLOOKUP($M40,Pflanzenkatalog!$A$2:$AB$632,13,FALSE) -> Arche Noah | Z40: =VLOOKUP($M40,Pflanzenkatalog!$A$2:$AB$632,14,FALSE) -> Buschbohne, Knoblauch, Kohl, Kohlrabi | AA40: =VLOOKUP($M40,Pflanzenkatalog!$A$2:$AB$632,15,FALSE) -> Basilikum, gegen Mehltau und weiße Fliege Tagetes, gegen Nematoden, Viren und weiße Fliege | AB40: =VLOOKUP($M40,Pflanzenkatalog!$A$2:$AB$632,16,FALSE) -> Erbse, Fenchel, Kartoffeln | AC40: =VLOOKUP($M40,Pflanzenkatalog!$A$2:$AB$632,17,FALSE) -> nicht ausgeizen, Mulchen, warm, Schutz vor Regen, mäßig von unten gießen | AD40: =VLOOKUP($M40,Pflanzenkatalog!$A$2:$AB$632,18,FALSE) -> Im Salat kommt der süß-aromatische Geschmack hervorragend zur Geltung. Extrem frühreifend ist die Sorte auch für rauhere Lagen empfehlenswert. Die roten, runden, ca. 4 cm großen Früchte kann man die ganze Saison über ernten. | AE40: =VLOOKUP($M40,Pflanzenkatalog!$A$2:$AB$632,19,FALSE) -> 0 | AF40: =VLOOKUP($M40,Pflanzenkatalog!$A$2:$AB$632,20,FALSE) -> Frucht
A41: 5MA | B41: Glashaus | C41: Süden/Thujen | D41: Halbschatten/Schatten | E41: Hochregal | F41: 5 | G41: mitte | H41: A | I41: Eurobox 20 klein | J41: nein | K41: Erde | L41: 6 | M41: Lager | N41: =VLOOKUP($M41,Pflanzenkatalog!$A$2:$AB$632,2,FALSE) -> Lagerfläche | O41: =VLOOKUP($M41,Pflanzenkatalog!$A$2:$AB$632,3,FALSE) -> 0 | P41: =VLOOKUP($M41,Pflanzenkatalog!$A$2:$AB$632,4,FALSE) -> 0 | Q41: =VLOOKUP($M41,Pflanzenkatalog!$A$2:$AB$632,5,FALSE) -> 0 | R41: =VLOOKUP($M41,Pflanzenkatalog!$A$2:$AB$632,6,FALSE) -> 0 | S41: =VLOOKUP($M41,Pflanzenkatalog!$A$2:$AB$632,7,FALSE) -> 0 | T41: =VLOOKUP($M41,Pflanzenkatalog!$A$2:$AB$632,8,FALSE) -> 0 | U41: =VLOOKUP($M41,Pflanzenkatalog!$A$2:$AB$632,9,FALSE) -> 0 | V41: =VLOOKUP($M41,Pflanzenkatalog!$A$2:$AB$632,10,FALSE) -> 0 | W41: =VLOOKUP($M41,Pflanzenkatalog!$A$2:$AB$632,11,FALSE) -> 0 | X41: =VLOOKUP($M41,Pflanzenkatalog!$A$2:$AB$632,12,FALSE) -> 0 | Y41: =VLOOKUP($M41,Pflanzenkatalog!$A$2:$AB$632,13,FALSE) -> 0 | Z41: =VLOOKUP($M41,Pflanzenkatalog!$A$2:$AB$632,14,FALSE) -> 0 | AA41: =VLOOKUP($M41,Pflanzenkatalog!$A$2:$AB$632,15,FALSE) -> 0 | AB41: =VLOOKUP($M41,Pflanzenkatalog!$A$2:$AB$632,16,FALSE) -> 0 | AC41: =VLOOKUP($M41,Pflanzenkatalog!$A$2:$AB$632,17,FALSE) -> 0 | AD41: =VLOOKUP($M41,Pflanzenkatalog!$A$2:$AB$632,18,FALSE) -> 0 | AE41: =VLOOKUP($M41,Pflanzenkatalog!$A$2:$AB$632,19,FALSE) -> 0 | AF41: =VLOOKUP($M41,Pflanzenkatalog!$A$2:$AB$632,20,FALSE) -> 0
A42: 5MB | B42: Glashaus | C42: Süden/Thujen | D42: Halbschatten/Schatten | E42: Hochregal | F42: 5 | G42: mitte | H42: B | I42: Eurobox 10 | J42: nein | K42: Erde | L42: 6 | M42: Lager | N42: =VLOOKUP($M42,Pflanzenkatalog!$A$2:$AB$632,2,FALSE) -> Lagerfläche | O42: =VLOOKUP($M42,Pflanzenkatalog!$A$2:$AB$632,3,FALSE) -> 0 | P42: =VLOOKUP($M42,Pflanzenkatalog!$A$2:$AB$632,4,FALSE) -> 0 | Q42: =VLOOKUP($M42,Pflanzenkatalog!$A$2:$AB$632,5,FALSE) -> 0 | R42: =VLOOKUP($M42,Pflanzenkatalog!$A$2:$AB$632,6,FALSE) -> 0 | S42: =VLOOKUP($M42,Pflanzenkatalog!$A$2:$AB$632,7,FALSE) -> 0 | T42: =VLOOKUP($M42,Pflanzenkatalog!$A$2:$AB$632,8,FALSE) -> 0 | U42: =VLOOKUP($M42,Pflanzenkatalog!$A$2:$AB$632,9,FALSE) -> 0 | V42: =VLOOKUP($M42,Pflanzenkatalog!$A$2:$AB$632,10,FALSE) -> 0 | W42: =VLOOKUP($M42,Pflanzenkatalog!$A$2:$AB$632,11,FALSE) -> 0 | X42: =VLOOKUP($M42,Pflanzenkatalog!$A$2:$AB$632,12,FALSE) -> 0 | Y42: =VLOOKUP($M42,Pflanzenkatalog!$A$2:$AB$632,13,FALSE) -> 0 | Z42: =VLOOKUP($M42,Pflanzenkatalog!$A$2:$AB$632,14,FALSE) -> 0 | AA42: =VLOOKUP($M42,Pflanzenkatalog!$A$2:$AB$632,15,FALSE) -> 0 | AB42: =VLOOKUP($M42,Pflanzenkatalog!$A$2:$AB$632,16,FALSE) -> 0 | AC42: =VLOOKUP($M42,Pflanzenkatalog!$A$2:$AB$632,17,FALSE) -> 0 | AD42: =VLOOKUP($M42,Pflanzenkatalog!$A$2:$AB$632,18,FALSE) -> 0 | AE42: =VLOOKUP($M42,Pflanzenkatalog!$A$2:$AB$632,19,FALSE) -> 0 | AF42: =VLOOKUP($M42,Pflanzenkatalog!$A$2:$AB$632,20,FALSE) -> 0
A43: 5OA | B43: Glashaus | C43: Süden/Thujen | D43: Halbschatten/Schatten | E43: Hochregal | F43: 5 | G43: oben | H43: A | I43: Eurobox 20 klein | J43: nein | K43: trocken | M43: Elektro | N43: =VLOOKUP($M43,Pflanzenkatalog!$A$2:$AB$632,2,FALSE) -> Elektro | O43: =VLOOKUP($M43,Pflanzenkatalog!$A$2:$AB$632,3,FALSE) -> 0 | P43: =VLOOKUP($M43,Pflanzenkatalog!$A$2:$AB$632,4,FALSE) -> 0 | Q43: =VLOOKUP($M43,Pflanzenkatalog!$A$2:$AB$632,5,FALSE) -> 0 | R43: =VLOOKUP($M43,Pflanzenkatalog!$A$2:$AB$632,6,FALSE) -> 0 | S43: =VLOOKUP($M43,Pflanzenkatalog!$A$2:$AB$632,7,FALSE) -> 0 | T43: =VLOOKUP($M43,Pflanzenkatalog!$A$2:$AB$632,8,FALSE) -> 0 | U43: =VLOOKUP($M43,Pflanzenkatalog!$A$2:$AB$632,9,FALSE) -> 0 | V43: =VLOOKUP($M43,Pflanzenkatalog!$A$2:$AB$632,10,FALSE) -> 0 | W43: =VLOOKUP($M43,Pflanzenkatalog!$A$2:$AB$632,11,FALSE) -> 0 | X43: =VLOOKUP($M43,Pflanzenkatalog!$A$2:$AB$632,12,FALSE) -> 0 | Y43: =VLOOKUP($M43,Pflanzenkatalog!$A$2:$AB$632,13,FALSE) -> 0 | Z43: =VLOOKUP($M43,Pflanzenkatalog!$A$2:$AB$632,14,FALSE) -> 0 | AA43: =VLOOKUP($M43,Pflanzenkatalog!$A$2:$AB$632,15,FALSE) -> 0 | AB43: =VLOOKUP($M43,Pflanzenkatalog!$A$2:$AB$632,16,FALSE) -> 0 | AC43: =VLOOKUP($M43,Pflanzenkatalog!$A$2:$AB$632,17,FALSE) -> 0 | AD43: =VLOOKUP($M43,Pflanzenkatalog!$A$2:$AB$632,18,FALSE) -> 0 | AE43: =VLOOKUP($M43,Pflanzenkatalog!$A$2:$AB$632,19,FALSE) -> 0 | AF43: =VLOOKUP($M43,Pflanzenkatalog!$A$2:$AB$632,20,FALSE) -> 0
A44: 5OB | B44: Glashaus | C44: Süden/Thujen | D44: Halbschatten/Schatten | E44: Hochregal | F44: 5 | G44: oben | H44: B | I44: leer | J44: nein | K44: trocken | M44: 19 | N44: =VLOOKUP($M44,Pflanzenkatalog!$A$2:$AB$632,2,FALSE) -> Salat div. | O44: =VLOOKUP($M44,Pflanzenkatalog!$A$2:$AB$632,3,FALSE) -> 01.02. | P44: =VLOOKUP($M44,Pflanzenkatalog!$A$2:$AB$632,4,FALSE) -> 15 | Q44: =VLOOKUP($M44,Pflanzenkatalog!$A$2:$AB$632,5,FALSE) -> 0 | R44: =VLOOKUP($M44,Pflanzenkatalog!$A$2:$AB$632,6,FALSE) -> 0,2 | S44: =VLOOKUP($M44,Pflanzenkatalog!$A$2:$AB$632,7,FALSE) -> 0 | T44: =VLOOKUP($M44,Pflanzenkatalog!$A$2:$AB$632,8,FALSE) -> 01.03.-30.09. | U44: =VLOOKUP($M44,Pflanzenkatalog!$A$2:$AB$632,9,FALSE) -> 15 | V44: =VLOOKUP($M44,Pflanzenkatalog!$A$2:$AB$632,10,FALSE) -> 15 | W44: =VLOOKUP($M44,Pflanzenkatalog!$A$2:$AB$632,11,FALSE) -> Mai | X44: =VLOOKUP($M44,Pflanzenkatalog!$A$2:$AB$632,12,FALSE) -> 0 | Y44: =VLOOKUP($M44,Pflanzenkatalog!$A$2:$AB$632,13,FALSE) -> 0 | Z44: =VLOOKUP($M44,Pflanzenkatalog!$A$2:$AB$632,14,FALSE) -> 0 | AA44: =VLOOKUP($M44,Pflanzenkatalog!$A$2:$AB$632,15,FALSE) -> 0 | AB44: =VLOOKUP($M44,Pflanzenkatalog!$A$2:$AB$632,16,FALSE) -> 0 | AC44: =VLOOKUP($M44,Pflanzenkatalog!$A$2:$AB$632,17,FALSE) -> 0 | AD44: =VLOOKUP($M44,Pflanzenkatalog!$A$2:$AB$632,18,FALSE) -> 0 | AE44: =VLOOKUP($M44,Pflanzenkatalog!$A$2:$AB$632,19,FALSE) -> 0 | AF44: =VLOOKUP($M44,Pflanzenkatalog!$A$2:$AB$632,20,FALSE) -> Blatt
A45: 5UA | B45: Glashaus | C45: Süden/Thujen | D45: Halbschatten/Schatten | E45: Hochregal | F45: 5 | G45: unten | H45: A | I45: Anzuchtschalen | J45: nein | K45: trocken | M45: Lager | N45: =VLOOKUP($M45,Pflanzenkatalog!$A$2:$AB$632,2,FALSE) -> Lagerfläche | O45: =VLOOKUP($M45,Pflanzenkatalog!$A$2:$AB$632,3,FALSE) -> 0 | P45: =VLOOKUP($M45,Pflanzenkatalog!$A$2:$AB$632,4,FALSE) -> 0 | Q45: =VLOOKUP($M45,Pflanzenkatalog!$A$2:$AB$632,5,FALSE) -> 0 | R45: =VLOOKUP($M45,Pflanzenkatalog!$A$2:$AB$632,6,FALSE) -> 0 | S45: =VLOOKUP($M45,Pflanzenkatalog!$A$2:$AB$632,7,FALSE) -> 0 | T45: =VLOOKUP($M45,Pflanzenkatalog!$A$2:$AB$632,8,FALSE) -> 0 | U45: =VLOOKUP($M45,Pflanzenkatalog!$A$2:$AB$632,9,FALSE) -> 0 | V45: =VLOOKUP($M45,Pflanzenkatalog!$A$2:$AB$632,10,FALSE) -> 0 | W45: =VLOOKUP($M45,Pflanzenkatalog!$A$2:$AB$632,11,FALSE) -> 0 | X45: =VLOOKUP($M45,Pflanzenkatalog!$A$2:$AB$632,12,FALSE) -> 0 | Y45: =VLOOKUP($M45,Pflanzenkatalog!$A$2:$AB$632,13,FALSE) -> 0 | Z45: =VLOOKUP($M45,Pflanzenkatalog!$A$2:$AB$632,14,FALSE) -> 0 | AA45: =VLOOKUP($M45,Pflanzenkatalog!$A$2:$AB$632,15,FALSE) -> 0 | AB45: =VLOOKUP($M45,Pflanzenkatalog!$A$2:$AB$632,16,FALSE) -> 0 | AC45: =VLOOKUP($M45,Pflanzenkatalog!$A$2:$AB$632,17,FALSE) -> 0 | AD45: =VLOOKUP($M45,Pflanzenkatalog!$A$2:$AB$632,18,FALSE) -> 0 | AE45: =VLOOKUP($M45,Pflanzenkatalog!$A$2:$AB$632,19,FALSE) -> 0 | AF45: =VLOOKUP($M45,Pflanzenkatalog!$A$2:$AB$632,20,FALSE) -> 0
A46: 5UB | B46: Glashaus | C46: Süden/Thujen | D46: Halbschatten/Schatten | E46: Hochregal | F46: 5 | G46: unten | H46: B | I46: Stahl 30 | J46: Tomatenhaken | K46: Erde | L46: 1 | M46: 1 | N46: =VLOOKUP($M46,Pflanzenkatalog!$A$2:$AB$632,2,FALSE) -> Fleischparadeiser Rotes Herz | O46: =VLOOKUP($M46,Pflanzenkatalog!$A$2:$AB$632,3,FALSE) -> 15.03-15.04 | P46: =VLOOKUP($M46,Pflanzenkatalog!$A$2:$AB$632,4,FALSE) -> 20-25 | Q46: =VLOOKUP($M46,Pflanzenkatalog!$A$2:$AB$632,5,FALSE) -> 8-10 | R46: =VLOOKUP($M46,Pflanzenkatalog!$A$2:$AB$632,6,FALSE) -> Licht | S46: =VLOOKUP($M46,Pflanzenkatalog!$A$2:$AB$632,7,FALSE) -> 15.05-31.05. | T46: =VLOOKUP($M46,Pflanzenkatalog!$A$2:$AB$632,8,FALSE) -> nein | U46: =VLOOKUP($M46,Pflanzenkatalog!$A$2:$AB$632,9,FALSE) -> 50 | V46: =VLOOKUP($M46,Pflanzenkatalog!$A$2:$AB$632,10,FALSE) -> 100 | W46: =VLOOKUP($M46,Pflanzenkatalog!$A$2:$AB$632,11,FALSE) -> August | X46: =VLOOKUP($M46,Pflanzenkatalog!$A$2:$AB$632,12,FALSE) -> unbegrenzt, locker belaubt, wirkt im Jugendstadium schwach, bisweilen bräunliche Blätter die später verschwinden | Y46: =VLOOKUP($M46,Pflanzenkatalog!$A$2:$AB$632,13,FALSE) -> Arche Noah | Z46: =VLOOKUP($M46,Pflanzenkatalog!$A$2:$AB$632,14,FALSE) -> Buschbohne, Knoblauch, Kohl, Kohlrabi | AA46: =VLOOKUP($M46,Pflanzenkatalog!$A$2:$AB$632,15,FALSE) -> Basilikum, gegen Mehltau und weiße Fliege Tagetes, gegen Nematoden, Viren und weiße Fliege | AB46: =VLOOKUP($M46,Pflanzenkatalog!$A$2:$AB$632,16,FALSE) -> Erbse, Fenchel, Kartoffeln | AC46: =VLOOKUP($M46,Pflanzenkatalog!$A$2:$AB$632,17,FALSE) -> Ausgeizen, Mulchen, warm, Schutz vor Regen, mäßig von unten gießen | AD46: =VLOOKUP($M46,Pflanzenkatalog!$A$2:$AB$632,18,FALSE) -> Das rotes Ochsenherz lässt sich vielfältig verwenden, für Suppen, Saucen und Salate. Die Ausgewogenheit von Süße und Säure ergibt einen sehr guten Geschmack, herzförmig, schwach gerippt und 10-12 cm groß. Ursprünglich stammt die Sorte aus Kroatien. | AE46: =VLOOKUP($M46,Pflanzenkatalog!$A$2:$AB$632,19,FALSE) -> 0 | AF46: =VLOOKUP($M46,Pflanzenkatalog!$A$2:$AB$632,20,FALSE) -> Frucht
A47: 5UB | B47: Glashaus | C47: Süden/Thujen | D47: Halbschatten/Schatten | E47: Hochregal | F47: 5 | G47: unten | H47: B | I47: Stahl 30 | J47: Tomatenhaken | K47: Erde | L47: 1 | M47: 49 | N47: =VLOOKUP($M47,Pflanzenkatalog!$A$2:$AB$632,2,FALSE) -> Paradeiser Ochsenherz Tschernij Prinz | O47: =VLOOKUP($M47,Pflanzenkatalog!$A$2:$AB$632,3,FALSE) -> 01.02-31.03. | P47: =VLOOKUP($M47,Pflanzenkatalog!$A$2:$AB$632,4,FALSE) -> 20-25 | Q47: =VLOOKUP($M47,Pflanzenkatalog!$A$2:$AB$632,5,FALSE) -> 8-10 | R47: =VLOOKUP($M47,Pflanzenkatalog!$A$2:$AB$632,6,FALSE) -> 0,5-1 | S47: =VLOOKUP($M47,Pflanzenkatalog!$A$2:$AB$632,7,FALSE) -> 15.04.-15.05. | T47: =VLOOKUP($M47,Pflanzenkatalog!$A$2:$AB$632,8,FALSE) -> 15.05-31.05. | U47: =VLOOKUP($M47,Pflanzenkatalog!$A$2:$AB$632,9,FALSE) -> 50 | V47: =VLOOKUP($M47,Pflanzenkatalog!$A$2:$AB$632,10,FALSE) -> 60 | W47: =VLOOKUP($M47,Pflanzenkatalog!$A$2:$AB$632,11,FALSE) -> Juli | X47: =VLOOKUP($M47,Pflanzenkatalog!$A$2:$AB$632,12,FALSE) -> Stabtomate | Y47: =VLOOKUP($M47,Pflanzenkatalog!$A$2:$AB$632,13,FALSE) -> REINSAAT | Z47: =VLOOKUP($M47,Pflanzenkatalog!$A$2:$AB$632,14,FALSE) -> Buschbohne, Knoblauch, Kohl, Kohlrabi | AA47: =VLOOKUP($M47,Pflanzenkatalog!$A$2:$AB$632,15,FALSE) -> Basilikum, gegen Mehltau und weiße Fliege Tagetes, gegen Nematoden, Viren und weiße Fliege | AB47: =VLOOKUP($M47,Pflanzenkatalog!$A$2:$AB$632,16,FALSE) -> Erbse, Fenchel, Kartoffeln | AC47: =VLOOKUP($M47,Pflanzenkatalog!$A$2:$AB$632,17,FALSE) -> 0 | AD47: =VLOOKUP($M47,Pflanzenkatalog!$A$2:$AB$632,18,FALSE) -> Halbdeterminante Fleischtomate aus der EHZ von ReinSaat. Die braunroten, flachrunden Früchte sind von herausragend gutem Geschmack. Mehrkammerige, fleischige und sehr saftige Früchte mit einem Fruchtgewicht von ca. 200 – 300 g. Früh einsetzende Ernte. Sehr beliebte Hausgärtnersorte. | AE47: =VLOOKUP($M47,Pflanzenkatalog!$A$2:$AB$632,19,FALSE) -> 0 | AF47: =VLOOKUP($M47,Pflanzenkatalog!$A$2:$AB$632,20,FALSE) -> Frucht
A48: 6MA | B48: Freiland | C48: Westen/Haus | D48: Sonne | E48: Hochregal | F48: 6 | G48: mitte | H48: A | I48: Kisterl | J48: nein | K48: Erde | L48: 2 | M48: 13 | N48: =VLOOKUP($M48,Pflanzenkatalog!$A$2:$AB$632,2,FALSE) -> Spinat Matador | O48: =VLOOKUP($M48,Pflanzenkatalog!$A$2:$AB$632,3,FALSE) -> 01.01.-30.03. | P48: =VLOOKUP($M48,Pflanzenkatalog!$A$2:$AB$632,4,FALSE) -> 10-15 | Q48: =VLOOKUP($M48,Pflanzenkatalog!$A$2:$AB$632,5,FALSE) -> 7-14 | R48: =VLOOKUP($M48,Pflanzenkatalog!$A$2:$AB$632,6,FALSE) -> 3 | S48: =VLOOKUP($M48,Pflanzenkatalog!$A$2:$AB$632,7,FALSE) -> 01.03. | T48: =VLOOKUP($M48,Pflanzenkatalog!$A$2:$AB$632,8,FALSE) -> 01.03.-01.09. | U48: =VLOOKUP($M48,Pflanzenkatalog!$A$2:$AB$632,9,FALSE) -> 3 | V48: =VLOOKUP($M48,Pflanzenkatalog!$A$2:$AB$632,10,FALSE) -> 15 | W48: =VLOOKUP($M48,Pflanzenkatalog!$A$2:$AB$632,11,FALSE) -> Februar | X48: =VLOOKUP($M48,Pflanzenkatalog!$A$2:$AB$632,12,FALSE) -> breitwürfig, mehrfacher Schnitt | Y48: =VLOOKUP($M48,Pflanzenkatalog!$A$2:$AB$632,13,FALSE) -> REINSAAT | Z48: =VLOOKUP($M48,Pflanzenkatalog!$A$2:$AB$632,14,FALSE) -> Zucchini, Kohlrabi, Erdbeeren | AA48: =VLOOKUP($M48,Pflanzenkatalog!$A$2:$AB$632,15,FALSE) -> 0 | AB48: =VLOOKUP($M48,Pflanzenkatalog!$A$2:$AB$632,16,FALSE) -> Petersilie, Sellerie | AC48: =VLOOKUP($M48,Pflanzenkatalog!$A$2:$AB$632,17,FALSE) -> Direktsaat ab Februar mit Folgesaaten bis Anfang September. | AD48: =VLOOKUP($M48,Pflanzenkatalog!$A$2:$AB$632,18,FALSE) -> Rasch wachsende, mittelfrühe Sorte mit sehr gutem Ertrag. Zarte, mittel- bis dunkelgrüne Blätter. Für den Frühjahrs- und Herbstanbau und den Überwinterungsanbau geeignet. | AE48: =VLOOKUP($M48,Pflanzenkatalog!$A$2:$AB$632,19,FALSE) -> 0 | AF48: =VLOOKUP($M48,Pflanzenkatalog!$A$2:$AB$632,20,FALSE) -> Blatt
A49: 6MB | B49: Freiland | C49: Westen/Haus | D49: Sonne | E49: Hochregal | F49: 6 | G49: mitte | H49: B | I49: Kisterl | J49: nein | K49: Erde | L49: 2 | M49: 37 | N49: =VLOOKUP($M49,Pflanzenkatalog!$A$2:$AB$632,2,FALSE) -> Kerbel | O49: =VLOOKUP($M49,Pflanzenkatalog!$A$2:$AB$632,3,FALSE) -> 0 | P49: =VLOOKUP($M49,Pflanzenkatalog!$A$2:$AB$632,4,FALSE) -> 0 | Q49: =VLOOKUP($M49,Pflanzenkatalog!$A$2:$AB$632,5,FALSE) -> 0 | R49: =VLOOKUP($M49,Pflanzenkatalog!$A$2:$AB$632,6,FALSE) -> 0 | S49: =VLOOKUP($M49,Pflanzenkatalog!$A$2:$AB$632,7,FALSE) -> 0 | T49: =VLOOKUP($M49,Pflanzenkatalog!$A$2:$AB$632,8,FALSE) -> 0 | U49: =VLOOKUP($M49,Pflanzenkatalog!$A$2:$AB$632,9,FALSE) -> 0 | V49: =VLOOKUP($M49,Pflanzenkatalog!$A$2:$AB$632,10,FALSE) -> 0 | W49: =VLOOKUP($M49,Pflanzenkatalog!$A$2:$AB$632,11,FALSE) -> 0 | X49: =VLOOKUP($M49,Pflanzenkatalog!$A$2:$AB$632,12,FALSE) -> 0 | Y49: =VLOOKUP($M49,Pflanzenkatalog!$A$2:$AB$632,13,FALSE) -> 0 | Z49: =VLOOKUP($M49,Pflanzenkatalog!$A$2:$AB$632,14,FALSE) -> 0 | AA49: =VLOOKUP($M49,Pflanzenkatalog!$A$2:$AB$632,15,FALSE) -> 0 | AB49: =VLOOKUP($M49,Pflanzenkatalog!$A$2:$AB$632,16,FALSE) -> 0 | AC49: =VLOOKUP($M49,Pflanzenkatalog!$A$2:$AB$632,17,FALSE) -> 0 | AD49: =VLOOKUP($M49,Pflanzenkatalog!$A$2:$AB$632,18,FALSE) -> Gegen Läuse beim Salat | AE49: =VLOOKUP($M49,Pflanzenkatalog!$A$2:$AB$632,19,FALSE) -> 0 | AF49: =VLOOKUP($M49,Pflanzenkatalog!$A$2:$AB$632,20,FALSE) -> Kräuter
A50: 6MC | B50: Freiland | C50: Westen/Haus | D50: Sonne | E50: Hochregal | F50: 6 | G50: mitte | H50: C | I50: Kisterl | J50: nein | K50: Erde | L50: 2 | M50: 52 | N50: =VLOOKUP($M50,Pflanzenkatalog!$A$2:$AB$632,2,FALSE) -> Thymian | O50: =VLOOKUP($M50,Pflanzenkatalog!$A$2:$AB$632,3,FALSE) -> 0 | P50: =VLOOKUP($M50,Pflanzenkatalog!$A$2:$AB$632,4,FALSE) -> 0 | Q50: =VLOOKUP($M50,Pflanzenkatalog!$A$2:$AB$632,5,FALSE) -> 0 | R50: =VLOOKUP($M50,Pflanzenkatalog!$A$2:$AB$632,6,FALSE) -> 0 | S50: =VLOOKUP($M50,Pflanzenkatalog!$A$2:$AB$632,7,FALSE) -> 0 | T50: =VLOOKUP($M50,Pflanzenkatalog!$A$2:$AB$632,8,FALSE) -> 0 | U50: =VLOOKUP($M50,Pflanzenkatalog!$A$2:$AB$632,9,FALSE) -> 0 | V50: =VLOOKUP($M50,Pflanzenkatalog!$A$2:$AB$632,10,FALSE) -> 0 | W50: =VLOOKUP($M50,Pflanzenkatalog!$A$2:$AB$632,11,FALSE) -> 0 | X50: =VLOOKUP($M50,Pflanzenkatalog!$A$2:$AB$632,12,FALSE) -> 0 | Y50: =VLOOKUP($M50,Pflanzenkatalog!$A$2:$AB$632,13,FALSE) -> own grown | Z50: =VLOOKUP($M50,Pflanzenkatalog!$A$2:$AB$632,14,FALSE) -> 0 | AA50: =VLOOKUP($M50,Pflanzenkatalog!$A$2:$AB$632,15,FALSE) -> 0 | AB50: =VLOOKUP($M50,Pflanzenkatalog!$A$2:$AB$632,16,FALSE) -> 0 | AC50: =VLOOKUP($M50,Pflanzenkatalog!$A$2:$AB$632,17,FALSE) -> 0 | AD50: =VLOOKUP($M50,Pflanzenkatalog!$A$2:$AB$632,18,FALSE) -> 0 | AE50: =VLOOKUP($M50,Pflanzenkatalog!$A$2:$AB$632,19,FALSE) -> 0 | AF50: =VLOOKUP($M50,Pflanzenkatalog!$A$2:$AB$632,20,FALSE) -> Kräuter
A51: 6MD | B51: Freiland | C51: Westen/Haus | D51: Sonne | E51: Hochregal | F51: 6 | G51: mitte | H51: D | I51: Eurobox 20 | J51: nein | K51: Erde | L51: 10 | M51: 34 | N51: =VLOOKUP($M51,Pflanzenkatalog!$A$2:$AB$632,2,FALSE) -> Karotte Duwicker Streit | O51: =VLOOKUP($M51,Pflanzenkatalog!$A$2:$AB$632,3,FALSE) -> 0 | P51: =VLOOKUP($M51,Pflanzenkatalog!$A$2:$AB$632,4,FALSE) -> 10-20 | Q51: =VLOOKUP($M51,Pflanzenkatalog!$A$2:$AB$632,5,FALSE) -> 21 | R51: =VLOOKUP($M51,Pflanzenkatalog!$A$2:$AB$632,6,FALSE) -> 1-2,5 | S51: =VLOOKUP($M51,Pflanzenkatalog!$A$2:$AB$632,7,FALSE) -> 0 | T51: =VLOOKUP($M51,Pflanzenkatalog!$A$2:$AB$632,8,FALSE) -> 28.02.-30.06. | U51: =VLOOKUP($M51,Pflanzenkatalog!$A$2:$AB$632,9,FALSE) -> 7 | V51: =VLOOKUP($M51,Pflanzenkatalog!$A$2:$AB$632,10,FALSE) -> 40 | W51: =VLOOKUP($M51,Pflanzenkatalog!$A$2:$AB$632,11,FALSE) -> Mai | X51: =VLOOKUP($M51,Pflanzenkatalog!$A$2:$AB$632,12,FALSE) -> klein | Y51: =VLOOKUP($M51,Pflanzenkatalog!$A$2:$AB$632,13,FALSE) -> Arche Noah | Z51: =VLOOKUP($M51,Pflanzenkatalog!$A$2:$AB$632,14,FALSE) -> Dill, Erbsen, Knoblauch, Lauch, Radieschen, Rettich, Tomaten, Zwiebeln, Schnittlauch | AA51: =VLOOKUP($M51,Pflanzenkatalog!$A$2:$AB$632,15,FALSE) -> 0 | AB51: =VLOOKUP($M51,Pflanzenkatalog!$A$2:$AB$632,16,FALSE) -> 0 | AC51: =VLOOKUP($M51,Pflanzenkatalog!$A$2:$AB$632,17,FALSE) -> darf nie austrocknen bei Neusaat, Unkraut entfernen, Vereinzeln bei Bedarf, sonnig | AD51: =VLOOKUP($M51,Pflanzenkatalog!$A$2:$AB$632,18,FALSE) -> Ihr Geschmack ist sehr süß und enorm aromatisch! Duwika ist eine raschwüchsige Frühkarotte, die sich als Treibmöhre im Frühbeet und früheste Freilandkarotte eignet. Sie wird aber auch den ganzen Sommer hindurch bis zu spätesten Ausaatterminen Anfang August gesät. Durch den hohen Zuckergehalt ist sie weniger frostempfindlich als andere Sorten. „Duwicker" werden Karotten mit kurzen, kreiselförmigen Wurzeln genannt. Die Sorte ist frühreifend, das Fruchtfleisch schmeckt süß und ist orange gefärbt. Auch auf schweren Böden nicht beinig und leicht zu ernten. | AE51: =VLOOKUP($M51,Pflanzenkatalog!$A$2:$AB$632,19,FALSE) -> 0 | AF51: =VLOOKUP($M51,Pflanzenkatalog!$A$2:$AB$632,20,FALSE) -> Wurzel
A52: 6OA | B52: Freiland | C52: Westen/Haus | D52: Sonne | E52: Hochregal | F52: 6 | G52: oben | H52: A | I52: Eurobox 10 | J52: nein | K52: Erde | L52: 2 | M52: 10 | N52: =VLOOKUP($M52,Pflanzenkatalog!$A$2:$AB$632,2,FALSE) -> Schnittsalat Asia Oriental Mix | O52: =VLOOKUP($M52,Pflanzenkatalog!$A$2:$AB$632,3,FALSE) -> 01.01.-30.04. | P52: =VLOOKUP($M52,Pflanzenkatalog!$A$2:$AB$632,4,FALSE) -> 10-20 | Q52: =VLOOKUP($M52,Pflanzenkatalog!$A$2:$AB$632,5,FALSE) -> 8-15 | R52: =VLOOKUP($M52,Pflanzenkatalog!$A$2:$AB$632,6,FALSE) -> 1-2 | S52: =VLOOKUP($M52,Pflanzenkatalog!$A$2:$AB$632,7,FALSE) -> 01.02. | T52: =VLOOKUP($M52,Pflanzenkatalog!$A$2:$AB$632,8,FALSE) -> 15.07.-01.10. | U52: =VLOOKUP($M52,Pflanzenkatalog!$A$2:$AB$632,9,FALSE) -> Streu | V52: =VLOOKUP($M52,Pflanzenkatalog!$A$2:$AB$632,10,FALSE) -> Streu | W52: =VLOOKUP($M52,Pflanzenkatalog!$A$2:$AB$632,11,FALSE) -> März | X52: =VLOOKUP($M52,Pflanzenkatalog!$A$2:$AB$632,12,FALSE) -> breitwürfig, mehrfacher Schnitt | Y52: =VLOOKUP($M52,Pflanzenkatalog!$A$2:$AB$632,13,FALSE) -> REINSAAT | Z52: =VLOOKUP($M52,Pflanzenkatalog!$A$2:$AB$632,14,FALSE) -> Bohnen, Dill, Erbsen, Erdbeeren, Gurken, Kohl, Lauch, Möhren, Tomaten, Zwiebeln | AA52: =VLOOKUP($M52,Pflanzenkatalog!$A$2:$AB$632,15,FALSE) -> Kerbel, gegen Läuse | AB52: =VLOOKUP($M52,Pflanzenkatalog!$A$2:$AB$632,16,FALSE) -> Petersilie, Sellerie | AC52: =VLOOKUP($M52,Pflanzenkatalog!$A$2:$AB$632,17,FALSE) -> frosttolerant, Direktsaat Freiland unter Vlies ab Februar/März und Juli bis Ende September, Voranzucht für frostfreies Gewächshaus ab Juli bis Jänner für satzweisen Anbau, Kalthaus Februar bis April | AD52: =VLOOKUP($M52,Pflanzenkatalog!$A$2:$AB$632,18,FALSE) -> Oriental Mix ist eine bunte Cut-and-Come- Again-Salatmischung aus den frostverträglichen Asia-Blattgemüsesorten Pak Choi, Bok Choi, Mizuna, Mibuna, Purple Wave, Rouge metis, Grün im Schnee, Red Giant und anderen. Die Sortenmischung umfasst alle Geschmäcker von feinwürzig bis senfartig scharf. | AE52: =VLOOKUP($M52,Pflanzenkatalog!$A$2:$AB$632,19,FALSE) -> 0 | AF52: =VLOOKUP($M52,Pflanzenkatalog!$A$2:$AB$632,20,FALSE) -> Blatt
A53: 6OB | B53: Freiland | C53: Westen/Haus | D53: Sonne | E53: Hochregal | F53: 6 | G53: oben | H53: B | I53: Eurobox 10 | J53: nein | K53: Erde | L53: 2 | M53: 36 | N53: =VLOOKUP($M53,Pflanzenkatalog!$A$2:$AB$632,2,FALSE) -> Radieschen | O53: =VLOOKUP($M53,Pflanzenkatalog!$A$2:$AB$632,3,FALSE) -> 0 | P53: =VLOOKUP($M53,Pflanzenkatalog!$A$2:$AB$632,4,FALSE) -> 8-15 | Q53: =VLOOKUP($M53,Pflanzenkatalog!$A$2:$AB$632,5,FALSE) -> 4-6 | R53: =VLOOKUP($M53,Pflanzenkatalog!$A$2:$AB$632,6,FALSE) -> 1-1,5 | S53: =VLOOKUP($M53,Pflanzenkatalog!$A$2:$AB$632,7,FALSE) -> 0 | T53: =VLOOKUP($M53,Pflanzenkatalog!$A$2:$AB$632,8,FALSE) -> 15.03.-15.09. | U53: =VLOOKUP($M53,Pflanzenkatalog!$A$2:$AB$632,9,FALSE) -> 5 | V53: =VLOOKUP($M53,Pflanzenkatalog!$A$2:$AB$632,10,FALSE) -> 10 | W53: =VLOOKUP($M53,Pflanzenkatalog!$A$2:$AB$632,11,FALSE) -> Mai | X53: =VLOOKUP($M53,Pflanzenkatalog!$A$2:$AB$632,12,FALSE) -> klein | Y53: =VLOOKUP($M53,Pflanzenkatalog!$A$2:$AB$632,13,FALSE) -> div. | Z53: =VLOOKUP($M53,Pflanzenkatalog!$A$2:$AB$632,14,FALSE) -> 0 | AA53: =VLOOKUP($M53,Pflanzenkatalog!$A$2:$AB$632,15,FALSE) -> 0 | AB53: =VLOOKUP($M53,Pflanzenkatalog!$A$2:$AB$632,16,FALSE) -> 0 | AC53: =VLOOKUP($M53,Pflanzenkatalog!$A$2:$AB$632,17,FALSE) -> Halbschatten, Sonne (Frühjahr, Herbst) | AD53: =VLOOKUP($M53,Pflanzenkatalog!$A$2:$AB$632,18,FALSE) -> 0 | AE53: =VLOOKUP($M53,Pflanzenkatalog!$A$2:$AB$632,19,FALSE) -> 0 | AF53: =VLOOKUP($M53,Pflanzenkatalog!$A$2:$AB$632,20,FALSE) -> Wurzel
A54: 6OC | B54: Freiland | C54: Westen/Haus | D54: Sonne | E54: Hochregal | F54: 6 | G54: oben | H54: C | I54: Eurobox 10 | J54: nein | K54: Erde | L54: 2 | M54: 11 | N54: =VLOOKUP($M54,Pflanzenkatalog!$A$2:$AB$632,2,FALSE) -> Schnittsalat Misticanza | O54: =VLOOKUP($M54,Pflanzenkatalog!$A$2:$AB$632,3,FALSE) -> 01.01.-30.04. | P54: =VLOOKUP($M54,Pflanzenkatalog!$A$2:$AB$632,4,FALSE) -> 10-15 | Q54: =VLOOKUP($M54,Pflanzenkatalog!$A$2:$AB$632,5,FALSE) -> 7-14 | R54: =VLOOKUP($M54,Pflanzenkatalog!$A$2:$AB$632,6,FALSE) -> 1-2 | S54: =VLOOKUP($M54,Pflanzenkatalog!$A$2:$AB$632,7,FALSE) -> 01.02. | T54: =VLOOKUP($M54,Pflanzenkatalog!$A$2:$AB$632,8,FALSE) -> 01.02.-01.09. | U54: =VLOOKUP($M54,Pflanzenkatalog!$A$2:$AB$632,9,FALSE) -> Streu | V54: =VLOOKUP($M54,Pflanzenkatalog!$A$2:$AB$632,10,FALSE) -> Streu | W54: =VLOOKUP($M54,Pflanzenkatalog!$A$2:$AB$632,11,FALSE) -> Februar | X54: =VLOOKUP($M54,Pflanzenkatalog!$A$2:$AB$632,12,FALSE) -> breitwürfig, mehrfacher Schnitt | Y54: =VLOOKUP($M54,Pflanzenkatalog!$A$2:$AB$632,13,FALSE) -> REINSAAT | Z54: =VLOOKUP($M54,Pflanzenkatalog!$A$2:$AB$632,14,FALSE) -> Bohnen, Dill, Erbsen, Erdbeeren, Gurken, Kohl, Lauch, Möhren, Tomaten, Zwiebeln | AA54: =VLOOKUP($M54,Pflanzenkatalog!$A$2:$AB$632,15,FALSE) -> Kerbel, gegen Läuse | AB54: =VLOOKUP($M54,Pflanzenkatalog!$A$2:$AB$632,16,FALSE) -> Petersilie, Sellerie | AC54: =VLOOKUP($M54,Pflanzenkatalog!$A$2:$AB$632,17,FALSE) -> Direktsaat ab Februar mit Folgesaaten bis Anfang September. | AD54: =VLOOKUP($M54,Pflanzenkatalog!$A$2:$AB$632,18,FALSE) -> Traditioneller, italienischer Sorten- und Artenmix. Beliebte Pflücksalat-Mischung aus den roten und grünen Pflücksalaten, Romana- und Eichblattsalaten, Schnittzichorien, Rucola und der typischen Spezialität des Original-Misticanza Hirschhornwegerichs (Herba Stella). | AE54: =VLOOKUP($M54,Pflanzenkatalog!$A$2:$AB$632,19,FALSE) -> 0 | AF54: =VLOOKUP($M54,Pflanzenkatalog!$A$2:$AB$632,20,FALSE) -> Blatt
A55: 6UA | B55: Freiland | C55: Westen/Haus | D55: Sonne | E55: Hochregal | F55: 6 | G55: unten | H55: A | I55: Topf | J55: nein | K55: Erde | L55: 2 | M55: 26 | N55: =VLOOKUP($M55,Pflanzenkatalog!$A$2:$AB$632,2,FALSE) -> Erdbeeren mix | O55: =VLOOKUP($M55,Pflanzenkatalog!$A$2:$AB$632,3,FALSE) -> 0 | P55: =VLOOKUP($M55,Pflanzenkatalog!$A$2:$AB$632,4,FALSE) -> 0 | Q55: =VLOOKUP($M55,Pflanzenkatalog!$A$2:$AB$632,5,FALSE) -> 0 | R55: =VLOOKUP($M55,Pflanzenkatalog!$A$2:$AB$632,6,FALSE) -> 0 | S55: =VLOOKUP($M55,Pflanzenkatalog!$A$2:$AB$632,7,FALSE) -> 0 | T55: =VLOOKUP($M55,Pflanzenkatalog!$A$2:$AB$632,8,FALSE) -> nein | U55: =VLOOKUP($M55,Pflanzenkatalog!$A$2:$AB$632,9,FALSE) -> 0 | V55: =VLOOKUP($M55,Pflanzenkatalog!$A$2:$AB$632,10,FALSE) -> 0 | W55: =VLOOKUP($M55,Pflanzenkatalog!$A$2:$AB$632,11,FALSE) -> 0 | X55: =VLOOKUP($M55,Pflanzenkatalog!$A$2:$AB$632,12,FALSE) -> 0 | Y55: =VLOOKUP($M55,Pflanzenkatalog!$A$2:$AB$632,13,FALSE) -> 0 | Z55: =VLOOKUP($M55,Pflanzenkatalog!$A$2:$AB$632,14,FALSE) -> 0 | AA55: =VLOOKUP($M55,Pflanzenkatalog!$A$2:$AB$632,15,FALSE) -> 0 | AB55: =VLOOKUP($M55,Pflanzenkatalog!$A$2:$AB$632,16,FALSE) -> 0 | AC55: =VLOOKUP($M55,Pflanzenkatalog!$A$2:$AB$632,17,FALSE) -> 0 | AD55: =VLOOKUP($M55,Pflanzenkatalog!$A$2:$AB$632,18,FALSE) -> 0 | AE55: =VLOOKUP($M55,Pflanzenkatalog!$A$2:$AB$632,19,FALSE) -> 0 | AF55: =VLOOKUP($M55,Pflanzenkatalog!$A$2:$AB$632,20,FALSE) -> Beeren
A56: 6UB | B56: Freiland | C56: Westen/Haus | D56: Sonne | E56: Hochregal | F56: 6 | G56: unten | H56: B | I56: Topf | J56: nein | K56: Erde | L56: 2 | M56: 39 | N56: =VLOOKUP($M56,Pflanzenkatalog!$A$2:$AB$632,2,FALSE) -> Koriander | O56: =VLOOKUP($M56,Pflanzenkatalog!$A$2:$AB$632,3,FALSE) -> nein | P56: =VLOOKUP($M56,Pflanzenkatalog!$A$2:$AB$632,4,FALSE) -> 10-20 | Q56: =VLOOKUP($M56,Pflanzenkatalog!$A$2:$AB$632,5,FALSE) -> 5-8 | R56: =VLOOKUP($M56,Pflanzenkatalog!$A$2:$AB$632,6,FALSE) -> 0,5 | S56: =VLOOKUP($M56,Pflanzenkatalog!$A$2:$AB$632,7,FALSE) -> 01.04.-31.07. | T56: =VLOOKUP($M56,Pflanzenkatalog!$A$2:$AB$632,8,FALSE) -> 01.04.-31.07. | U56: =VLOOKUP($M56,Pflanzenkatalog!$A$2:$AB$632,9,FALSE) -> 10 | V56: =VLOOKUP($M56,Pflanzenkatalog!$A$2:$AB$632,10,FALSE) -> 30 | W56: =VLOOKUP($M56,Pflanzenkatalog!$A$2:$AB$632,11,FALSE) -> Mai, mit Folgesaat alle 4 Wochen | X56: =VLOOKUP($M56,Pflanzenkatalog!$A$2:$AB$632,12,FALSE) -> 100 cm | Y56: =VLOOKUP($M56,Pflanzenkatalog!$A$2:$AB$632,13,FALSE) -> SPAR Bio | Z56: =VLOOKUP($M56,Pflanzenkatalog!$A$2:$AB$632,14,FALSE) -> 0 | AA56: =VLOOKUP($M56,Pflanzenkatalog!$A$2:$AB$632,15,FALSE) -> 0 | AB56: =VLOOKUP($M56,Pflanzenkatalog!$A$2:$AB$632,16,FALSE) -> 0 | AC56: =VLOOKUP($M56,Pflanzenkatalog!$A$2:$AB$632,17,FALSE) -> Halbschatten für Blattwachstum, sonnig für Samenreife; liebt kalkhaltigen Boden, regelmäßig gießen, organisch düngen | AD56: =VLOOKUP($M56,Pflanzenkatalog!$A$2:$AB$632,18,FALSE) -> Gewürzkraut für anspruchsvolle Kenner. Grünzeug wie Petersilie und Samenkörner als Gewürz verwendet. | AE56: =VLOOKUP($M56,Pflanzenkatalog!$A$2:$AB$632,19,FALSE) -> 0 | AF56: =VLOOKUP($M56,Pflanzenkatalog!$A$2:$AB$632,20,FALSE) -> Kräuter
A57: 6UC | B57: Freiland | C57: Westen/Haus | D57: Sonne | E57: Hochregal | F57: 6 | G57: unten | H57: C | I57: Topf | J57: nein | K57: Erde | L57: 2 | M57: 5 | N57: =VLOOKUP($M57,Pflanzenkatalog!$A$2:$AB$632,2,FALSE) -> Wintermarie | O57: =VLOOKUP($M57,Pflanzenkatalog!$A$2:$AB$632,3,FALSE) -> 01.02.-28.02. | P57: =VLOOKUP($M57,Pflanzenkatalog!$A$2:$AB$632,4,FALSE) -> 10-15 | Q57: =VLOOKUP($M57,Pflanzenkatalog!$A$2:$AB$632,5,FALSE) -> 5-7 | R57: =VLOOKUP($M57,Pflanzenkatalog!$A$2:$AB$632,6,FALSE) -> Licht | S57: =VLOOKUP($M57,Pflanzenkatalog!$A$2:$AB$632,7,FALSE) -> 01.04. | T57: =VLOOKUP($M57,Pflanzenkatalog!$A$2:$AB$632,8,FALSE) -> 15.07.-31.08. | U57: =VLOOKUP($M57,Pflanzenkatalog!$A$2:$AB$632,9,FALSE) -> 30 | V57: =VLOOKUP($M57,Pflanzenkatalog!$A$2:$AB$632,10,FALSE) -> 30 | W57: =VLOOKUP($M57,Pflanzenkatalog!$A$2:$AB$632,11,FALSE) -> April | X57: =VLOOKUP($M57,Pflanzenkatalog!$A$2:$AB$632,12,FALSE) -> Kopf locker attraktiv durch Rotfärbung | Y57: =VLOOKUP($M57,Pflanzenkatalog!$A$2:$AB$632,13,FALSE) -> Arche Noah | Z57: =VLOOKUP($M57,Pflanzenkatalog!$A$2:$AB$632,14,FALSE) -> Bohnen, Dill, Erbsen, Erdbeeren, Gurken, Kohl, Lauch, Möhren, Tomaten, Zwiebeln | AA57: =VLOOKUP($M57,Pflanzenkatalog!$A$2:$AB$632,15,FALSE) -> Kerbel, gegen Läuse | AB57: =VLOOKUP($M57,Pflanzenkatalog!$A$2:$AB$632,16,FALSE) -> Petersilie, Sellerie | AC57: =VLOOKUP($M57,Pflanzenkatalog!$A$2:$AB$632,17,FALSE) -> sonnig feucht bevorzugt, Boden locker gut feucht | AD57: =VLOOKUP($M57,Pflanzenkatalog!$A$2:$AB$632,18,FALSE) -> Der Kopfsalat ist außer frisch auch für die Spinatzubereitung geeignet. Die leichte Rotfärbung sieht sehr schön aus. Köstlich, sehr zart! Die Pflanzen sind raschwüchsig und robust gegen Pilzkrankheiten und Kälte. Er hat sich auch als Überwinterungskultur bewährt. Attraktiv durch Rotfärbung. Aus Kroatien. | AE57: =VLOOKUP($M57,Pflanzenkatalog!$A$2:$AB$632,19,FALSE) -> 0 | AF57: =VLOOKUP($M57,Pflanzenkatalog!$A$2:$AB$632,20,FALSE) -> Blatt
... A64: 7OA | B64: Freiland | C64: Westen/Haus | D64: Sonne | E64: Hochregal | F64: 7 | G64: oben | H64: A | I64: Topf | J64: nein | K64: Erde | L64: 1 | M64: 31 | N64: =VLOOKUP($M64,Pflanzenkatalog!$A$2:$AB$632,2,FALSE) -> Zucchini Largo Blanco Serpiente | O64: =VLOOKUP($M64,Pflanzenkatalog!$A$2:$AB$632,3,FALSE) -> 15.04. | P64: =VLOOKUP($M64,Pflanzenkatalog!$A$2:$AB$632,4,FALSE) -> 18-22 | Q64: =VLOOKUP($M64,Pflanzenkatalog!$A$2:$AB$632,5,FALSE) -> 7-14 | R64: =VLOOKUP($M64,Pflanzenkatalog!$A$2:$AB$632,6,FALSE) -> 2-3 | S64: =VLOOKUP($M64,Pflanzenkatalog!$A$2:$AB$632,7,FALSE) -> 15.05. | T64: =VLOOKUP($M64,Pflanzenkatalog!$A$2:$AB$632,8,FALSE) -> 15.05.-15.06. | U64: =VLOOKUP($M64,Pflanzenkatalog!$A$2:$AB$632,9,FALSE) -> 100 | V64: =VLOOKUP($M64,Pflanzenkatalog!$A$2:$AB$632,10,FALSE) -> 100 | W64: =VLOOKUP($M64,Pflanzenkatalog!$A$2:$AB$632,11,FALSE) -> Juli | X64: =VLOOKUP($M64,Pflanzenkatalog!$A$2:$AB$632,12,FALSE) -> Buschig wachsend | Y64: =VLOOKUP($M64,Pflanzenkatalog!$A$2:$AB$632,13,FALSE) -> Maria Arnold | Z64: =VLOOKUP($M64,Pflanzenkatalog!$A$2:$AB$632,14,FALSE) -> Kopfsalat, Lauch, Möhren, Petersilie, Rettich Radieschen, Rote Bete, Sellerie, Spinat, Stangenbohnen, Zwiebeln | AA64: =VLOOKUP($M64,Pflanzenkatalog!$A$2:$AB$632,15,FALSE) -> Borretsch, Insektenbestäubten Pflanzen, z.B. Gurken, Zucchini, Lockt Insekten an | AB64: =VLOOKUP($M64,Pflanzenkatalog!$A$2:$AB$632,16,FALSE) -> 0 | AC64: =VLOOKUP($M64,Pflanzenkatalog!$A$2:$AB$632,17,FALSE) -> Gute Drainage, gute Düngung, sonnig, warm, luftig. Hornspäne einmengen, frostempfindlich | AD64: =VLOOKUP($M64,Pflanzenkatalog!$A$2:$AB$632,18,FALSE) -> Weiße Zucchini mit augeprägtem Geschmack. Stammt aus Sizilien. Die Pflanzen zeichnen sich durch Frühreife aus, ab Mitte Juli kann förmlich fortlaufend geernet werden. Ganz jung bei einer Dicke von 2cm geerntet unglaublich zart, selbst später bildet sie keine harte Schale aus, sondern sie bleiben weich bei knackigem Fleisch. Die Sorte unbedingt pur probieren, fein geschnitten oder geraspelt mit Salz, Olivenöl, Pfeffer und Tomatenessig total lecker. | AE64: =VLOOKUP($M64,Pflanzenkatalog!$A$2:$AB$632,19,FALSE) -> 0 | AF64: =VLOOKUP($M64,Pflanzenkatalog!$A$2:$AB$632,20,FALSE) -> Frucht
A65: 7OB | B65: Freiland | C65: Westen/Haus | D65: Sonne | E65: Hochregal | F65: 7 | G65: oben | H65: B | I65: Kisterl | J65: nein | K65: Erde | L65: 1 | M65: Blumen | N65: Sonnenhut | O65: =VLOOKUP($M65,Pflanzenkatalog!$A$2:$AB$632,3,FALSE) -> 0 | P65: =VLOOKUP($M65,Pflanzenkatalog!$A$2:$AB$632,4,FALSE) -> 0 | Q65: =VLOOKUP($M65,Pflanzenkatalog!$A$2:$AB$632,5,FALSE) -> 0 | R65: =VLOOKUP($M65,Pflanzenkatalog!$A$2:$AB$632,6,FALSE) -> 0 | S65: =VLOOKUP($M65,Pflanzenkatalog!$A$2:$AB$632,7,FALSE) -> 0 | T65: =VLOOKUP($M65,Pflanzenkatalog!$A$2:$AB$632,8,FALSE) -> 0 | U65: =VLOOKUP($M65,Pflanzenkatalog!$A$2:$AB$632,9,FALSE) -> 0 | V65: =VLOOKUP($M65,Pflanzenkatalog!$A$2:$AB$632,10,FALSE) -> 0 | W65: =VLOOKUP($M65,Pflanzenkatalog!$A$2:$AB$632,11,FALSE) -> 0 | X65: =VLOOKUP($M65,Pflanzenkatalog!$A$2:$AB$632,12,FALSE) -> 0 | Y65: =VLOOKUP($M65,Pflanzenkatalog!$A$2:$AB$632,13,FALSE) -> 0 | Z65: =VLOOKUP($M65,Pflanzenkatalog!$A$2:$AB$632,14,FALSE) -> 0 | AA65: =VLOOKUP($M65,Pflanzenkatalog!$A$2:$AB$632,15,FALSE) -> 0 | AB65: =VLOOKUP($M65,Pflanzenkatalog!$A$2:$AB$632,16,FALSE) -> 0 | AC65: =VLOOKUP($M65,Pflanzenkatalog!$A$2:$AB$632,17,FALSE) -> 0 | AD65: =VLOOKUP($M65,Pflanzenkatalog!$A$2:$AB$632,18,FALSE) -> 0 | AE65: =VLOOKUP($M65,Pflanzenkatalog!$A$2:$AB$632,19,FALSE) -> 0 | AF65: =VLOOKUP($M65,Pflanzenkatalog!$A$2:$AB$632,20,FALSE) -> 0
A66: 7OC | B66: Freiland | C66: Westen/Haus | D66: Sonne | E66: Hochregal | F66: 7 | G66: oben | H66: C | I66: Kisterl | J66: nein | K66: Erde | L66: 1 | M66: Blumen | N66: Sonnenhut | O66: =VLOOKUP($M66,Pflanzenkatalog!$A$2:$AB$632,3,FALSE) -> 0 | P66: =VLOOKUP($M66,Pflanzenkatalog!$A$2:$AB$632,4,FALSE) -> 0 | Q66: =VLOOKUP($M66,Pflanzenkatalog!$A$2:$AB$632,5,FALSE) -> 0 | R66: =VLOOKUP($M66,Pflanzenkatalog!$A$2:$AB$632,6,FALSE) -> 0 | S66: =VLOOKUP($M66,Pflanzenkatalog!$A$2:$AB$632,7,FALSE) -> 0 | T66: =VLOOKUP($M66,Pflanzenkatalog!$A$2:$AB$632,8,FALSE) -> 0 | U66: =VLOOKUP($M66,Pflanzenkatalog!$A$2:$AB$632,9,FALSE) -> 0 | V66: =VLOOKUP($M66,Pflanzenkatalog!$A$2:$AB$632,10,FALSE) -> 0 | W66: =VLOOKUP($M66,Pflanzenkatalog!$A$2:$AB$632,11,FALSE) -> 0 | X66: =VLOOKUP($M66,Pflanzenkatalog!$A$2:$AB$632,12,FALSE) -> 0 | Y66: =VLOOKUP($M66,Pflanzenkatalog!$A$2:$AB$632,13,FALSE) -> 0 | Z66: =VLOOKUP($M66,Pflanzenkatalog!$A$2:$AB$632,14,FALSE) -> 0 | AA66: =VLOOKUP($M66,Pflanzenkatalog!$A$2:$AB$632,15,FALSE) -> 0 | AB66: =VLOOKUP($M66,Pflanzenkatalog!$A$2:$AB$632,16,FALSE) -> 0 | AC66: =VLOOKUP($M66,Pflanzenkatalog!$A$2:$AB$632,17,FALSE) -> 0 | AD66: =VLOOKUP($M66,Pflanzenkatalog!$A$2:$AB$632,18,FALSE) -> 0 | AE66: =VLOOKUP($M66,Pflanzenkatalog!$A$2:$AB$632,19,FALSE) -> 0 | AF66: =VLOOKUP($M66,Pflanzenkatalog!$A$2:$AB$632,20,FALSE) -> 0
A67: 7OD | B67: Freiland | C67: Westen/Haus | D67: Sonne | E67: Hochregal | F67: 7 | G67: oben | H67: D | I67: Topf | J67: nein | K67: Erde | L67: 1 | M67: 31 | N67: =VLOOKUP($M67,Pflanzenkatalog!$A$2:$AB$632,2,FALSE) -> Zucchini Largo Blanco Serpiente | O67: =VLOOKUP($M67,Pflanzenkatalog!$A$2:$AB$632,3,FALSE) -> 15.04. | P67: =VLOOKUP($M67,Pflanzenkatalog!$A$2:$AB$632,4,FALSE) -> 18-22 | Q67: =VLOOKUP($M67,Pflanzenkatalog!$A$2:$AB$632,5,FALSE) -> 7-14 | R67: =VLOOKUP($M67,Pflanzenkatalog!$A$2:$AB$632,6,FALSE) -> 2-3 | S67: =VLOOKUP($M67,Pflanzenkatalog!$A$2:$AB$632,7,FALSE) -> 15.05. | T67: =VLOOKUP($M67,Pflanzenkatalog!$A$2:$AB$632,8,FALSE) -> 15.05.-15.06. | U67: =VLOOKUP($M67,Pflanzenkatalog!$A$2:$AB$632,9,FALSE) -> 100 | V67: =VLOOKUP($M67,Pflanzenkatalog!$A$2:$AB$632,10,FALSE) -> 100 | W67: =VLOOKUP($M67,Pflanzenkatalog!$A$2:$AB$632,11,FALSE) -> Juli | X67: =VLOOKUP($M67,Pflanzenkatalog!$A$2:$AB$632,12,FALSE) -> Buschig wachsend | Y67: =VLOOKUP($M67,Pflanzenkatalog!$A$2:$AB$632,13,FALSE) -> Maria Arnold | Z67: =VLOOKUP($M67,Pflanzenkatalog!$A$2:$AB$632,14,FALSE) -> Kopfsalat, Lauch, Möhren, Petersilie, Rettich Radieschen, Rote Bete, Sellerie, Spinat, Stangenbohnen, Zwiebeln | AA67: =VLOOKUP($M67,Pflanzenkatalog!$A$2:$AB$632,15,FALSE) -> Borretsch, Insektenbestäubten Pflanzen, z.B. Gurken, Zucchini, Lockt Insekten an | AB67: =VLOOKUP($M67,Pflanzenkatalog!$A$2:$AB$632,16,FALSE) -> 0 | AC67: =VLOOKUP($M67,Pflanzenkatalog!$A$2:$AB$632,17,FALSE) -> Gute Drainage, gute Düngung, sonnig, warm, luftig. Hornspäne einmengen, frostempfindlich | AD67: =VLOOKUP($M67,Pflanzenkatalog!$A$2:$AB$632,18,FALSE) -> Weiße Zucchini mit augeprägtem Geschmack. Stammt aus Sizilien. Die Pflanzen zeichnen sich durch Frühreife aus, ab Mitte Juli kann förmlich fortlaufend geernet werden. Ganz jung bei einer Dicke von 2cm geerntet unglaublich zart, selbst später bildet sie keine harte Schale aus, sondern sie bleiben weich bei knackigem Fleisch. Die Sorte unbedingt pur probieren, fein geschnitten oder geraspelt mit Salz, Olivenöl, Pfeffer und Tomatenessig total lecker. | AE67: =VLOOKUP($M67,Pflanzenkatalog!$A$2:$AB$632,19,FALSE) -> 0 | AF67: =VLOOKUP($M67,Pflanzenkatalog!$A$2:$AB$632,20,FALSE) -> Frucht
A68: 7UA | B68: Freiland | C68: Westen/Haus | D68: Sonne | E68: Hochregal | F68: 7 | G68: unten | H68: A | I68: Topf | J68: nein | K68: Erde | L68: 1 | M68: 28 | N68: =VLOOKUP($M68,Pflanzenkatalog!$A$2:$AB$632,2,FALSE) -> Gurke Pappelchen | O68: =VLOOKUP($M68,Pflanzenkatalog!$A$2:$AB$632,3,FALSE) -> 15.04.-30.04. | P68: =VLOOKUP($M68,Pflanzenkatalog!$A$2:$AB$632,4,FALSE) -> 25-28 | Q68: =VLOOKUP($M68,Pflanzenkatalog!$A$2:$AB$632,5,FALSE) -> 5-8 | R68: =VLOOKUP($M68,Pflanzenkatalog!$A$2:$AB$632,6,FALSE) -> 2-3 | S68: =VLOOKUP($M68,Pflanzenkatalog!$A$2:$AB$632,7,FALSE) -> 15.05. | T68: =VLOOKUP($M68,Pflanzenkatalog!$A$2:$AB$632,8,FALSE) -> 01.05.-30.06. | U68: =VLOOKUP($M68,Pflanzenkatalog!$A$2:$AB$632,9,FALSE) -> 50 | V68: =VLOOKUP($M68,Pflanzenkatalog!$A$2:$AB$632,10,FALSE) -> 150 | W68: =VLOOKUP($M68,Pflanzenkatalog!$A$2:$AB$632,11,FALSE) -> Juli | X68: =VLOOKUP($M68,Pflanzenkatalog!$A$2:$AB$632,12,FALSE) -> 1,5 m am Gitter | Y68: =VLOOKUP($M68,Pflanzenkatalog!$A$2:$AB$632,13,FALSE) -> samen hauefl | Z68: =VLOOKUP($M68,Pflanzenkatalog!$A$2:$AB$632,14,FALSE) -> Bohnen, Dill, Erbsen, Fenchel, Kohl, Kopfsalat, Kümmel, Lauch, Mais, Rote Bete, Sellerie, Zwiebeln | AA68: =VLOOKUP($M68,Pflanzenkatalog!$A$2:$AB$632,15,FALSE) -> Basilikum, gegen Mehltau und weiße Fliege Borretsch, Insektenbestäubten Pflanzen, z.B. Gurken, Zucchini, Lockt Insekten an | AB68: =VLOOKUP($M68,Pflanzenkatalog!$A$2:$AB$632,16,FALSE) -> Tomaten, Radieschen | AC68: =VLOOKUP($M68,Pflanzenkatalog!$A$2:$AB$632,17,FALSE) -> nicht pikieren! Die Pflänzchen werden bis zum ersten Blattpaar eingesetzt. Wenn der Stiel in der Erde ist, kann er neue Wurzeln bilden. Nach dem Pflanzen die Gurken unbedingt ausgiebig gießen. Besonders schlecht ist Staunässe. | AD68: =VLOOKUP($M68,Pflanzenkatalog!$A$2:$AB$632,18,FALSE) -> Kleine Salat ooder Einlegegurke mit glatter Schale, dunkelgrün, kaum bestachelt, Früchte ca. 8-12 cm lang, robust auch bei ungünstiger Witterung | AE68: =VLOOKUP($M68,Pflanzenkatalog!$A$2:$AB$632,19,FALSE) -> 0 | AF68: =VLOOKUP($M68,Pflanzenkatalog!$A$2:$AB$632,20,FALSE) -> Frucht
A69: 7UB | B69: Freiland | C69: Westen/Haus | D69: Sonne | E69: Hochregal | F69: 7 | G69: unten | H69: B | I69: Kisterl | J69: nein | K69: Erde | L69: 1 | M69: 21 | N69: =VLOOKUP($M69,Pflanzenkatalog!$A$2:$AB$632,2,FALSE) -> Zwiebel Deep Purple | O69: =VLOOKUP($M69,Pflanzenkatalog!$A$2:$AB$632,3,FALSE) -> 01.02-31.03. | P69: =VLOOKUP($M69,Pflanzenkatalog!$A$2:$AB$632,4,FALSE) -> 10-20 | Q69: =VLOOKUP($M69,Pflanzenkatalog!$A$2:$AB$632,5,FALSE) -> 14-25 | R69: =VLOOKUP($M69,Pflanzenkatalog!$A$2:$AB$632,6,FALSE) -> 1-3 | S69: =VLOOKUP($M69,Pflanzenkatalog!$A$2:$AB$632,7,FALSE) -> 01.04. | T69: =VLOOKUP($M69,Pflanzenkatalog!$A$2:$AB$632,8,FALSE) -> 01.03.-30.04. | U69: =VLOOKUP($M69,Pflanzenkatalog!$A$2:$AB$632,9,FALSE) -> 5 | V69: =VLOOKUP($M69,Pflanzenkatalog!$A$2:$AB$632,10,FALSE) -> 25 | W69: =VLOOKUP($M69,Pflanzenkatalog!$A$2:$AB$632,11,FALSE) -> Mai | X69: =VLOOKUP($M69,Pflanzenkatalog!$A$2:$AB$632,12,FALSE) -> Jungzwiebel Mai/Juni, Knolle August (wenn Laub knickt) | Y69: =VLOOKUP($M69,Pflanzenkatalog!$A$2:$AB$632,13,FALSE) -> samen greisslerei | Z69: =VLOOKUP($M69,Pflanzenkatalog!$A$2:$AB$632,14,FALSE) -> Bohnenkraut, Erdbeeren, Dill, Kopfsalat, Möhren, Rote Bete | AA69: =VLOOKUP($M69,Pflanzenkatalog!$A$2:$AB$632,15,FALSE) -> 0 | AB69: =VLOOKUP($M69,Pflanzenkatalog!$A$2:$AB$632,16,FALSE) -> Bohnen, Erbsen, Kohl | AC69: =VLOOKUP($M69,Pflanzenkatalog!$A$2:$AB$632,17,FALSE) -> sonnig | AD69: =VLOOKUP($M69,Pflanzenkatalog!$A$2:$AB$632,18,FALSE) -> Diese Sorte zeichnet sich durch feste, dunkelrote, plattrunde bis runde Zwiebeln aus, die gut lagerfähig sind. Sie ist sehr attraktiv als Jungzwiebel, der Schaft leuchtet dunkelrot unter dem grünem Laub hervor. Gute Lagerzwiebel. Nutzung: Jungzwiebeln, frisch oder gegart. Küchenzwiebel. | AE69: =VLOOKUP($M69,Pflanzenkatalog!$A$2:$AB$632,19,FALSE) -> 0 | AF69: =VLOOKUP($M69,Pflanzenkatalog!$A$2:$AB$632,20,FALSE) -> Zwiebel
A70: 7UC | B70: Freiland | C70: Westen/Haus | D70: Sonne | E70: Hochregal | F70: 7 | G70: unten | H70: C | I70: Stahl 30 | J70: Tomatenhaken | K70: Erde | L70: 1 | M70: 1 | N70: =VLOOKUP($M70,Pflanzenkatalog!$A$2:$AB$632,2,FALSE) -> Fleischparadeiser Rotes Herz | O70: =VLOOKUP($M70,Pflanzenkatalog!$A$2:$AB$632,3,FALSE) -> 15.03-15.04 | P70: =VLOOKUP($M70,Pflanzenkatalog!$A$2:$AB$632,4,FALSE) -> 20-25 | Q70: =VLOOKUP($M70,Pflanzenkatalog!$A$2:$AB$632,5,FALSE) -> 8-10 | R70: =VLOOKUP($M70,Pflanzenkatalog!$A$2:$AB$632,6,FALSE) -> Licht | S70: =VLOOKUP($M70,Pflanzenkatalog!$A$2:$AB$632,7,FALSE) -> 15.05-31.05. | T70: =VLOOKUP($M70,Pflanzenkatalog!$A$2:$AB$632,8,FALSE) -> nein | U70: =VLOOKUP($M70,Pflanzenkatalog!$A$2:$AB$632,9,FALSE) -> 50 | V70: =VLOOKUP($M70,Pflanzenkatalog!$A$2:$AB$632,10,FALSE) -> 100 | W70: =VLOOKUP($M70,Pflanzenkatalog!$A$2:$AB$632,11,FALSE) -> August | X70: =VLOOKUP($M70,Pflanzenkatalog!$A$2:$AB$632,12,FALSE) -> unbegrenzt, locker belaubt, wirkt im Jugendstadium schwach, bisweilen bräunliche Blätter die später verschwinden | Y70: =VLOOKUP($M70,Pflanzenkatalog!$A$2:$AB$632,13,FALSE) -> Arche Noah | Z70: =VLOOKUP($M70,Pflanzenkatalog!$A$2:$AB$632,14,FALSE) -> Buschbohne, Knoblauch, Kohl, Kohlrabi | AA70: =VLOOKUP($M70,Pflanzenkatalog!$A$2:$AB$632,15,FALSE) -> Basilikum, gegen Mehltau und weiße Fliege Tagetes, gegen Nematoden, Viren und weiße Fliege | AB70: =VLOOKUP($M70,Pflanzenkatalog!$A$2:$AB$632,16,FALSE) -> Erbse, Fenchel, Kartoffeln | AC70: =VLOOKUP($M70,Pflanzenkatalog!$A$2:$AB$632,17,FALSE) -> Ausgeizen, Mulchen, warm, Schutz vor Regen, mäßig von unten gießen | AD70: =VLOOKUP($M70,Pflanzenkatalog!$A$2:$AB$632,18,FALSE) -> Das rotes Ochsenherz lässt sich vielfältig verwenden, für Suppen, Saucen und Salate. Die Ausgewogenheit von Süße und Säure ergibt einen sehr guten Geschmack, herzförmig, schwach gerippt und 10-12 cm groß. Ursprünglich stammt die Sorte aus Kroatien. | AE70: =VLOOKUP($M70,Pflanzenkatalog!$A$2:$AB$632,19,FALSE) -> 0 | AF70: =VLOOKUP($M70,Pflanzenkatalog!$A$2:$AB$632,20,FALSE) -> Frucht
A71: 7UC | B71: Freiland | C71: Westen/Haus | D71: Sonne | E71: Hochregal | F71: 7 | G71: unten | H71: C | I71: Stahl 30 | J71: Tomatenhaken | K71: Erde | L71: 1 | M71: 2 | N71: =VLOOKUP($M71,Pflanzenkatalog!$A$2:$AB$632,2,FALSE) -> Salatparadeiser Quedlinburger Frühe Liebe | O71: =VLOOKUP($M71,Pflanzenkatalog!$A$2:$AB$632,3,FALSE) -> 15.03-15.04 | P71: =VLOOKUP($M71,Pflanzenkatalog!$A$2:$AB$632,4,FALSE) -> 20-25 | Q71: =VLOOKUP($M71,Pflanzenkatalog!$A$2:$AB$632,5,FALSE) -> 8-10 | R71: =VLOOKUP($M71,Pflanzenkatalog!$A$2:$AB$632,6,FALSE) -> Licht | S71: =VLOOKUP($M71,Pflanzenkatalog!$A$2:$AB$632,7,FALSE) -> 15.05-31.05. | T71: =VLOOKUP($M71,Pflanzenkatalog!$A$2:$AB$632,8,FALSE) -> nein | U71: =VLOOKUP($M71,Pflanzenkatalog!$A$2:$AB$632,9,FALSE) -> 50 | V71: =VLOOKUP($M71,Pflanzenkatalog!$A$2:$AB$632,10,FALSE) -> 80 | W71: =VLOOKUP($M71,Pflanzenkatalog!$A$2:$AB$632,11,FALSE) -> Juli | X71: =VLOOKUP($M71,Pflanzenkatalog!$A$2:$AB$632,12,FALSE) -> Stabtomate wächst bis 1,2 m hoch und hat kartoffelblättriges lockeres Laub | Y71: =VLOOKUP($M71,Pflanzenkatalog!$A$2:$AB$632,13,FALSE) -> Arche Noah | Z71: =VLOOKUP($M71,Pflanzenkatalog!$A$2:$AB$632,14,FALSE) -> Buschbohne, Knoblauch, Kohl, Kohlrabi | AA71: =VLOOKUP($M71,Pflanzenkatalog!$A$2:$AB$632,15,FALSE) -> Basilikum, gegen Mehltau und weiße Fliege Tagetes, gegen Nematoden, Viren und weiße Fliege | AB71: =VLOOKUP($M71,Pflanzenkatalog!$A$2:$AB$632,16,FALSE) -> Erbse, Fenchel, Kartoffeln | AC71: =VLOOKUP($M71,Pflanzenkatalog!$A$2:$AB$632,17,FALSE) -> nicht ausgeizen, Mulchen, warm, Schutz vor Regen, mäßig von unten gießen | AD71: =VLOOKUP($M71,Pflanzenkatalog!$A$2:$AB$632,18,FALSE) -> Im Salat kommt der süß-aromatische Geschmack hervorragend zur Geltung. Extrem frühreifend ist die Sorte auch für rauhere Lagen empfehlenswert. Die roten, runden, ca. 4 cm großen Früchte kann man die ganze Saison über ernten. | AE71: =VLOOKUP($M71,Pflanzenkatalog!$A$2:$AB$632,19,FALSE) -> 0 | AF71: =VLOOKUP($M71,Pflanzenkatalog!$A$2:$AB$632,20,FALSE) -> Frucht
A72: 7UC | B72: Freiland | C72: Westen/Haus | D72: Sonne | E72: Hochregal | F72: 7 | G72: unten | H72: C | I72: Stahl 30 | J72: nein | K72: Erde | L72: 1 | M72: 3 | N72: =VLOOKUP($M72,Pflanzenkatalog!$A$2:$AB$632,2,FALSE) -> Basilikum Genoveser | O72: =VLOOKUP($M72,Pflanzenkatalog!$A$2:$AB$632,3,FALSE) -> 01.01.-31.12. | P72: =VLOOKUP($M72,Pflanzenkatalog!$A$2:$AB$632,4,FALSE) -> 18-22 | Q72: =VLOOKUP($M72,Pflanzenkatalog!$A$2:$AB$632,5,FALSE) -> 14-18 | R72: =VLOOKUP($M72,Pflanzenkatalog!$A$2:$AB$632,6,FALSE) -> Licht | S72: =VLOOKUP($M72,Pflanzenkatalog!$A$2:$AB$632,7,FALSE) -> 01.05. | T72: =VLOOKUP($M72,Pflanzenkatalog!$A$2:$AB$632,8,FALSE) -> 31.05.-31.07. | U72: =VLOOKUP($M72,Pflanzenkatalog!$A$2:$AB$632,9,FALSE) -> 30 | V72: =VLOOKUP($M72,Pflanzenkatalog!$A$2:$AB$632,10,FALSE) -> 30 | W72: =VLOOKUP($M72,Pflanzenkatalog!$A$2:$AB$632,11,FALSE) -> Ganzjährig | X72: =VLOOKUP($M72,Pflanzenkatalog!$A$2:$AB$632,12,FALSE) -> Busch bis 50 cm | Y72: =VLOOKUP($M72,Pflanzenkatalog!$A$2:$AB$632,13,FALSE) -> samenmaier Bio | Z72: =VLOOKUP($M72,Pflanzenkatalog!$A$2:$AB$632,14,FALSE) -> Tomaten, Gurken, Kohl gegen Mehltau und weiße Fliege | AA72: =VLOOKUP($M72,Pflanzenkatalog!$A$2:$AB$632,15,FALSE) -> 0 | AB72: =VLOOKUP($M72,Pflanzenkatalog!$A$2:$AB$632,16,FALSE) -> 0 | AC72: =VLOOKUP($M72,Pflanzenkatalog!$A$2:$AB$632,17,FALSE) -> sonniger Standort , durchlässiger Boden | AD72: =VLOOKUP($M72,Pflanzenkatalog!$A$2:$AB$632,18,FALSE) -> Bekommt sie genügend Wärme, wächst sie sehr rasch. | AE72: =VLOOKUP($M72,Pflanzenkatalog!$A$2:$AB$632,19,FALSE) -> 0 | AF72: =VLOOKUP($M72,Pflanzenkatalog!$A$2:$AB$632,20,FALSE) -> Kräuter
A73: 8L | B73: Freiland | C73: Westen/Haus | D73: Sonne | E73: Boot | F73: 8 | G73: links | H73: L | I73: Boot | J73: Gitter | K73: Erde | L73: 1 | M73: 27 | N73: =VLOOKUP($M73,Pflanzenkatalog!$A$2:$AB$632,2,FALSE) -> Gurke Melothria | O73: =VLOOKUP($M73,Pflanzenkatalog!$A$2:$AB$632,3,FALSE) -> 15.04.-30.04. | P73: =VLOOKUP($M73,Pflanzenkatalog!$A$2:$AB$632,4,FALSE) -> 25-28 | Q73: =VLOOKUP($M73,Pflanzenkatalog!$A$2:$AB$632,5,FALSE) -> 5-8 | R73: =VLOOKUP($M73,Pflanzenkatalog!$A$2:$AB$632,6,FALSE) -> 2-3 | S73: =VLOOKUP($M73,Pflanzenkatalog!$A$2:$AB$632,7,FALSE) -> 15.05. | T73: =VLOOKUP($M73,Pflanzenkatalog!$A$2:$AB$632,8,FALSE) -> 01.05.-30.06. | U73: =VLOOKUP($M73,Pflanzenkatalog!$A$2:$AB$632,9,FALSE) -> 50 | V73: =VLOOKUP($M73,Pflanzenkatalog!$A$2:$AB$632,10,FALSE) -> 150 | W73: =VLOOKUP($M73,Pflanzenkatalog!$A$2:$AB$632,11,FALSE) -> September | X73: =VLOOKUP($M73,Pflanzenkatalog!$A$2:$AB$632,12,FALSE) -> 1,5 m am Gitter | Y73: =VLOOKUP($M73,Pflanzenkatalog!$A$2:$AB$632,13,FALSE) -> samen hauefl | Z73: =VLOOKUP($M73,Pflanzenkatalog!$A$2:$AB$632,14,FALSE) -> Bohnen, Dill, Erbsen, Fenchel, Kohl, Kopfsalat, Kümmel, Lauch, Mais, Rote Bete, Sellerie, Zwiebeln | AA73: =VLOOKUP($M73,Pflanzenkatalog!$A$2:$AB$632,15,FALSE) -> Basilikum, gegen Mehltau und weiße Fliege Borretsch, Insektenbestäubten Pflanzen, z.B. Gurken, Zucchini, Lockt Insekten an | AB73: =VLOOKUP($M73,Pflanzenkatalog!$A$2:$AB$632,16,FALSE) -> Tomaten, Radieschen | AC73: =VLOOKUP($M73,Pflanzenkatalog!$A$2:$AB$632,17,FALSE) -> nicht pikieren! Die Pflänzchen werden bis zum ersten Blattpaar eingesetzt. Wenn der Stiel in der Erde ist, kann er neue Wurzeln bilden. Nach dem Pflanzen die Gurken unbedingt ausgiebig gießen. Besonders schlecht ist Staunässe. | AD73: =VLOOKUP($M73,Pflanzenkatalog!$A$2:$AB$632,18,FALSE) -> Mexikanische Minigurke, grün weiß, junge Früchte roh oder zum Einlegen, auch für Topfkultur geeignet. Brauchen ein feines Rankgerüst, Früchte spät, September, Durchmesser ca. 3 cm, | AE73: =VLOOKUP($M73,Pflanzenkatalog!$A$2:$AB$632,19,FALSE) -> 0 | AF73: =VLOOKUP($M73,Pflanzenkatalog!$A$2:$AB$632,20,FALSE) -> Frucht
A74: 8M | B74: Freiland | C74: Westen/Haus | D74: Sonne | E74: Boot | F74: 8 | G74: mitte | H74: M | I74: Boot | J74: Gitter | K74: Erde | L74: 2 | M74: 38 | N74: =VLOOKUP($M74,Pflanzenkatalog!$A$2:$AB$632,2,FALSE) -> Borretsch | O74: =VLOOKUP($M74,Pflanzenkatalog!$A$2:$AB$632,3,FALSE) -> nein | P74: =VLOOKUP($M74,Pflanzenkatalog!$A$2:$AB$632,4,FALSE) -> 15-20 | Q74: =VLOOKUP($M74,Pflanzenkatalog!$A$2:$AB$632,5,FALSE) -> 30-90 | R74: =VLOOKUP($M74,Pflanzenkatalog!$A$2:$AB$632,6,FALSE) -> 1,3 | S74: =VLOOKUP($M74,Pflanzenkatalog!$A$2:$AB$632,7,FALSE) -> 0 | T74: =VLOOKUP($M74,Pflanzenkatalog!$A$2:$AB$632,8,FALSE) -> 01.03.-31.05. | U74: =VLOOKUP($M74,Pflanzenkatalog!$A$2:$AB$632,9,FALSE) -> 20 | V74: =VLOOKUP($M74,Pflanzenkatalog!$A$2:$AB$632,10,FALSE) -> 20 | W74: =VLOOKUP($M74,Pflanzenkatalog!$A$2:$AB$632,11,FALSE) -> 01.07.-31.08. | X74: =VLOOKUP($M74,Pflanzenkatalog!$A$2:$AB$632,12,FALSE) -> einjährige Staude 90 cm | Y74: =VLOOKUP($M74,Pflanzenkatalog!$A$2:$AB$632,13,FALSE) -> Thompson&Morgan | Z74: =VLOOKUP($M74,Pflanzenkatalog!$A$2:$AB$632,14,FALSE) -> 0 | AA74: =VLOOKUP($M74,Pflanzenkatalog!$A$2:$AB$632,15,FALSE) -> 0 | AB74: =VLOOKUP($M74,Pflanzenkatalog!$A$2:$AB$632,16,FALSE) -> 0 | AC74: =VLOOKUP($M74,Pflanzenkatalog!$A$2:$AB$632,17,FALSE) -> An einem leicht schattigen, geschützten Standort mit gut durchlässigem Boden | AD74: =VLOOKUP($M74,Pflanzenkatalog!$A$2:$AB$632,18,FALSE) -> lockt Insekten für die Bestäubung an, hübsch auf dem Salat | AE74: =VLOOKUP($M74,Pflanzenkatalog!$A$2:$AB$632,19,FALSE) -> Forschungen zufolge ist dies eine der besten Blumen, um Honigbienen in den Garten zu locken. Eine fantastische essbare Blume: zum Kristallisieren für Kuchen, als Beigabe zu Salaten oder zum Einfrieren als Eiswürfel zum Gin & Tonic. Mit einer Höhe von 90 cm bildet Borretsch einen dekorativen, selbstsäenden Hintergrund sowohl für die Gemüse- als auch Blumenrabatte. | AF74: =VLOOKUP($M74,Pflanzenkatalog!$A$2:$AB$632,20,FALSE) -> Kräuter
A75: 8R | B75: Freiland | C75: Westen/Haus | D75: Sonne | E75: Boot | F75: 8 | G75: rechts | H75: R | I75: Boot | J75: Gitter | K75: Erde | L75: 1 | M75: 27 | N75: =VLOOKUP($M75,Pflanzenkatalog!$A$2:$AB$632,2,FALSE) -> Gurke Melothria | O75: =VLOOKUP($M75,Pflanzenkatalog!$A$2:$AB$632,3,FALSE) -> 15.04.-30.04. | P75: =VLOOKUP($M75,Pflanzenkatalog!$A$2:$AB$632,4,FALSE) -> 25-28 | Q75: =VLOOKUP($M75,Pflanzenkatalog!$A$2:$AB$632,5,FALSE) -> 5-8 | R75: =VLOOKUP($M75,Pflanzenkatalog!$A$2:$AB$632,6,FALSE) -> 2-3 | S75: =VLOOKUP($M75,Pflanzenkatalog!$A$2:$AB$632,7,FALSE) -> 15.05. | T75: =VLOOKUP($M75,Pflanzenkatalog!$A$2:$AB$632,8,FALSE) -> 01.05.-30.06. | U75: =VLOOKUP($M75,Pflanzenkatalog!$A$2:$AB$632,9,FALSE) -> 50 | V75: =VLOOKUP($M75,Pflanzenkatalog!$A$2:$AB$632,10,FALSE) -> 150 | W75: =VLOOKUP($M75,Pflanzenkatalog!$A$2:$AB$632,11,FALSE) -> September | X75: =VLOOKUP($M75,Pflanzenkatalog!$A$2:$AB$632,12,FALSE) -> 1,5 m am Gitter | Y75: =VLOOKUP($M75,Pflanzenkatalog!$A$2:$AB$632,13,FALSE) -> samen hauefl | Z75: =VLOOKUP($M75,Pflanzenkatalog!$A$2:$AB$632,14,FALSE) -> Bohnen, Dill, Erbsen, Fenchel, Kohl, Kopfsalat, Kümmel, Lauch, Mais, Rote Bete, Sellerie, Zwiebeln | AA75: =VLOOKUP($M75,Pflanzenkatalog!$A$2:$AB$632,15,FALSE) -> Basilikum, gegen Mehltau und weiße Fliege Borretsch, Insektenbestäubten Pflanzen, z.B. Gurken, Zucchini, Lockt Insekten an | AB75: =VLOOKUP($M75,Pflanzenkatalog!$A$2:$AB$632,16,FALSE) -> Tomaten, Radieschen | AC75: =VLOOKUP($M75,Pflanzenkatalog!$A$2:$AB$632,17,FALSE) -> nicht pikieren! Die Pflänzchen werden bis zum ersten Blattpaar eingesetzt. Wenn der Stiel in der Erde ist, kann er neue Wurzeln bilden. Nach dem Pflanzen die Gurken unbedingt ausgiebig gießen. Besonders schlecht ist Staunässe. | AD75: =VLOOKUP($M75,Pflanzenkatalog!$A$2:$AB$632,18,FALSE) -> Mexikanische Minigurke, grün weiß, junge Früchte roh oder zum Einlegen, auch für Topfkultur geeignet. Brauchen ein feines Rankgerüst, Früchte spät, September, Durchmesser ca. 3 cm, | AE75: =VLOOKUP($M75,Pflanzenkatalog!$A$2:$AB$632,19,FALSE) -> 0 | AF75: =VLOOKUP($M75,Pflanzenkatalog!$A$2:$AB$632,20,FALSE) -> Frucht
A76: 9L | B76: Freiland | C76: Osten/Wald | D76: Sonne | E76: Boot | F76: 9 | G76: links | H76: L | I76: Boot | J76: Tomatenhaken | K76: Erde | L76: 3 | M76: 9 | N76: =VLOOKUP($M76,Pflanzenkatalog!$A$2:$AB$632,2,FALSE) -> Cocktailparadeiser Red Currant | O76: =VLOOKUP($M76,Pflanzenkatalog!$A$2:$AB$632,3,FALSE) -> 15.03-15.04 | P76: =VLOOKUP($M76,Pflanzenkatalog!$A$2:$AB$632,4,FALSE) -> 20-25 | Q76: =VLOOKUP($M76,Pflanzenkatalog!$A$2:$AB$632,5,FALSE) -> 8-10 | R76: =VLOOKUP($M76,Pflanzenkatalog!$A$2:$AB$632,6,FALSE) -> Licht | S76: =VLOOKUP($M76,Pflanzenkatalog!$A$2:$AB$632,7,FALSE) -> 15.05-31.05. | T76: =VLOOKUP($M76,Pflanzenkatalog!$A$2:$AB$632,8,FALSE) -> nein | U76: =VLOOKUP($M76,Pflanzenkatalog!$A$2:$AB$632,9,FALSE) -> 50 | V76: =VLOOKUP($M76,Pflanzenkatalog!$A$2:$AB$632,10,FALSE) -> 100 | W76: =VLOOKUP($M76,Pflanzenkatalog!$A$2:$AB$632,11,FALSE) -> Juni | X76: =VLOOKUP($M76,Pflanzenkatalog!$A$2:$AB$632,12,FALSE) -> unbegrenzt wachsend, stark verzweigt | Y76: =VLOOKUP($M76,Pflanzenkatalog!$A$2:$AB$632,13,FALSE) -> Arche Noah | Z76: =VLOOKUP($M76,Pflanzenkatalog!$A$2:$AB$632,14,FALSE) -> Buschbohne, Knoblauch, Kohl, Kohlrabi | AA76: =VLOOKUP($M76,Pflanzenkatalog!$A$2:$AB$632,15,FALSE) -> Basilikum, gegen Mehltau und weiße Fliege Tagetes, gegen Nematoden, Viren und weiße Fliege | AB76: =VLOOKUP($M76,Pflanzenkatalog!$A$2:$AB$632,16,FALSE) -> Erbse, Fenchel, Kartoffeln | AC76: =VLOOKUP($M76,Pflanzenkatalog!$A$2:$AB$632,17,FALSE) -> Das übliche Ausgeizen auf nur 1–3 Haupttriebe ist nicht sinnvoll. Wir empfehlen, die Pflanzen lediglich auszulichten, sonniger Standort | AD76: =VLOOKUP($M76,Pflanzenkatalog!$A$2:$AB$632,18,FALSE) -> Cocktailtomate mit winzigen, max. 1,5 cm großen Früchten und süß-säuerlicherm Geschmack. | AE76: =VLOOKUP($M76,Pflanzenkatalog!$A$2:$AB$632,19,FALSE) -> 0 | AF76: =VLOOKUP($M76,Pflanzenkatalog!$A$2:$AB$632,20,FALSE) -> Frucht
A77: 9M | B77: Freiland | C77: Osten/Wald | D77: Sonne | E77: Boot | F77: 9 | G77: mitte | H77: M | I77: Boot | J77: nein | K77: Erde | L77: 10 | M77: 21 | N77: =VLOOKUP($M77,Pflanzenkatalog!$A$2:$AB$632,2,FALSE) -> Zwiebel Deep Purple | O77: =VLOOKUP($M77,Pflanzenkatalog!$A$2:$AB$632,3,FALSE) -> 01.02-31.03. | P77: =VLOOKUP($M77,Pflanzenkatalog!$A$2:$AB$632,4,FALSE) -> 10-20 | Q77: =VLOOKUP($M77,Pflanzenkatalog!$A$2:$AB$632,5,FALSE) -> 14-25 | R77: =VLOOKUP($M77,Pflanzenkatalog!$A$2:$AB$632,6,FALSE) -> 1-3 | S77: =VLOOKUP($M77,Pflanzenkatalog!$A$2:$AB$632,7,FALSE) -> 01.04. | T77: =VLOOKUP($M77,Pflanzenkatalog!$A$2:$AB$632,8,FALSE) -> 01.03.-30.04. | U77: =VLOOKUP($M77,Pflanzenkatalog!$A$2:$AB$632,9,FALSE) -> 5 | V77: =VLOOKUP($M77,Pflanzenkatalog!$A$2:$AB$632,10,FALSE) -> 25 | W77: =VLOOKUP($M77,Pflanzenkatalog!$A$2:$AB$632,11,FALSE) -> Mai | X77: =VLOOKUP($M77,Pflanzenkatalog!$A$2:$AB$632,12,FALSE) -> Jungzwiebel Mai/Juni, Knolle August (wenn Laub knickt) | Y77: =VLOOKUP($M77,Pflanzenkatalog!$A$2:$AB$632,13,FALSE) -> samen greisslerei | Z77: =VLOOKUP($M77,Pflanzenkatalog!$A$2:$AB$632,14,FALSE) -> Bohnenkraut, Erdbeeren, Dill, Kopfsalat, Möhren, Rote Bete | AA77: =VLOOKUP($M77,Pflanzenkatalog!$A$2:$AB$632,15,FALSE) -> 0 | AB77: =VLOOKUP($M77,Pflanzenkatalog!$A$2:$AB$632,16,FALSE) -> Bohnen, Erbsen, Kohl | AC77: =VLOOKUP($M77,Pflanzenkatalog!$A$2:$AB$632,17,FALSE) -> sonnig | AD77: =VLOOKUP($M77,Pflanzenkatalog!$A$2:$AB$632,18,FALSE) -> Diese Sorte zeichnet sich durch feste, dunkelrote, plattrunde bis runde Zwiebeln aus, die gut lagerfähig sind. Sie ist sehr attraktiv als Jungzwiebel, der Schaft leuchtet dunkelrot unter dem grünem Laub hervor. Gute Lagerzwiebel. Nutzung: Jungzwiebeln, frisch oder gegart. Küchenzwiebel. | AE77: =VLOOKUP($M77,Pflanzenkatalog!$A$2:$AB$632,19,FALSE) -> 0 | AF77: =VLOOKUP($M77,Pflanzenkatalog!$A$2:$AB$632,20,FALSE) -> Zwiebel
A78: 9R | B78: Freiland | C78: Osten/Wald | D78: Sonne | E78: Boot | F78: 9 | G78: rechts | H78: R | I78: Boot | J78: Tomatenstab | K78: Erde | L78: 3 | M78: 29 | N78: =VLOOKUP($M78,Pflanzenkatalog!$A$2:$AB$632,2,FALSE) -> Cocktailparadeiser Gelbe Johannisbeere | O78: =VLOOKUP($M78,Pflanzenkatalog!$A$2:$AB$632,3,FALSE) -> 01.02-31.03. | P78: =VLOOKUP($M78,Pflanzenkatalog!$A$2:$AB$632,4,FALSE) -> 20-22 | Q78: =VLOOKUP($M78,Pflanzenkatalog!$A$2:$AB$632,5,FALSE) -> 8-10 | R78: =VLOOKUP($M78,Pflanzenkatalog!$A$2:$AB$632,6,FALSE) -> Licht | S78: =VLOOKUP($M78,Pflanzenkatalog!$A$2:$AB$632,7,FALSE) -> 15.05-31.05. | T78: =VLOOKUP($M78,Pflanzenkatalog!$A$2:$AB$632,8,FALSE) -> nein | U78: =VLOOKUP($M78,Pflanzenkatalog!$A$2:$AB$632,9,FALSE) -> 50 | V78: =VLOOKUP($M78,Pflanzenkatalog!$A$2:$AB$632,10,FALSE) -> 100 | W78: =VLOOKUP($M78,Pflanzenkatalog!$A$2:$AB$632,11,FALSE) -> Juli | X78: =VLOOKUP($M78,Pflanzenkatalog!$A$2:$AB$632,12,FALSE) -> Stark verzweigte, buschförmig, lange Rispen mit massenhaft Früchte | Y78: =VLOOKUP($M78,Pflanzenkatalog!$A$2:$AB$632,13,FALSE) -> REINSAAT | Z78: =VLOOKUP($M78,Pflanzenkatalog!$A$2:$AB$632,14,FALSE) -> Buschbohne, Knoblauch, Kohl, Kohlrabi | AA78: =VLOOKUP($M78,Pflanzenkatalog!$A$2:$AB$632,15,FALSE) -> Basilikum, gegen Mehltau und weiße Fliege Tagetes, gegen Nematoden, Viren und weiße Fliege | AB78: =VLOOKUP($M78,Pflanzenkatalog!$A$2:$AB$632,16,FALSE) -> Erbse, Fenchel, Kartoffeln | AC78: =VLOOKUP($M78,Pflanzenkatalog!$A$2:$AB$632,17,FALSE) -> nicht ausgeizen, sonniger Standort | AD78: =VLOOKUP($M78,Pflanzenkatalog!$A$2:$AB$632,18,FALSE) -> Stark verzweigte, buschförmig wachsende Wildtomate aus der EHZ von ReinSaat. Bildet an langen Rispen massenhaft runde, kleine, gelbe Früchte mit süßem, kräftigem Wild- tomatenaroma. Pflanzen müssen nur nicht ausgegeizt werden. Ideale Naschtomate für die Topfkultur auf Balkon und Terrasse. | AE78: =VLOOKUP($M78,Pflanzenkatalog!$A$2:$AB$632,19,FALSE) -> 0 | AF78: =VLOOKUP($M78,Pflanzenkatalog!$A$2:$AB$632,20,FALSE) -> Frucht
A79: 10L | B79: Freiland | C79: Osten/Wald | D79: Halbschatten | E79: Boot | F79: 10 | G79: links | H79: L | I79: Boot | J79: Tomatenstab | K79: Erde | L79: 2 | M79: 6 | N79: =VLOOKUP($M79,Pflanzenkatalog!$A$2:$AB$632,2,FALSE) -> Cocktailparadeiser Golden Perfection | O79: =VLOOKUP($M79,Pflanzenkatalog!$A$2:$AB$632,3,FALSE) -> 15.03-15.04 | P79: =VLOOKUP($M79,Pflanzenkatalog!$A$2:$AB$632,4,FALSE) -> 20-25 | Q79: =VLOOKUP($M79,Pflanzenkatalog!$A$2:$AB$632,5,FALSE) -> 8-10 | R79: =VLOOKUP($M79,Pflanzenkatalog!$A$2:$AB$632,6,FALSE) -> Licht | S79: =VLOOKUP($M79,Pflanzenkatalog!$A$2:$AB$632,7,FALSE) -> 15.05-31.05. | T79: =VLOOKUP($M79,Pflanzenkatalog!$A$2:$AB$632,8,FALSE) -> nein | U79: =VLOOKUP($M79,Pflanzenkatalog!$A$2:$AB$632,9,FALSE) -> 50 | V79: =VLOOKUP($M79,Pflanzenkatalog!$A$2:$AB$632,10,FALSE) -> 100 | W79: =VLOOKUP($M79,Pflanzenkatalog!$A$2:$AB$632,11,FALSE) -> Juni | X79: =VLOOKUP($M79,Pflanzenkatalog!$A$2:$AB$632,12,FALSE) -> unbegrenzt | Y79: =VLOOKUP($M79,Pflanzenkatalog!$A$2:$AB$632,13,FALSE) -> Arche Noah | Z79: =VLOOKUP($M79,Pflanzenkatalog!$A$2:$AB$632,14,FALSE) -> Buschbohne, Knoblauch, Kohl, Kohlrabi | AA79: =VLOOKUP($M79,Pflanzenkatalog!$A$2:$AB$632,15,FALSE) -> Basilikum, gegen Mehltau und weiße Fliege Tagetes, gegen Nematoden, Viren und weiße Fliege | AB79: =VLOOKUP($M79,Pflanzenkatalog!$A$2:$AB$632,16,FALSE) -> Erbse, Fenchel, Kartoffeln | AC79: =VLOOKUP($M79,Pflanzenkatalog!$A$2:$AB$632,17,FALSE) -> sonniger Standort | AD79: =VLOOKUP($M79,Pflanzenkatalog!$A$2:$AB$632,18,FALSE) -> Goldgelbe Cocktailtomate. Die Früchte sind rund und werden ungefähr 2,5-3cm groß. Im Geschmack sehr süß und aromatisch. Unbegrenzt wachsende Pflanze, entwickelt viele Nebentriebe. Seit 1985 aus Tartu, Estland. | AE79: =VLOOKUP($M79,Pflanzenkatalog!$A$2:$AB$632,19,FALSE) -> 0 | AF79: =VLOOKUP($M79,Pflanzenkatalog!$A$2:$AB$632,20,FALSE) -> Frucht
A80: 10M | B80: Freiland | C80: Osten/Wald | D80: Halbschatten | E80: Boot | F80: 10 | G80: mitte | H80: M | I80: Boot | K80: Erde | L80: 1 | M80: 4 | N80: =VLOOKUP($M80,Pflanzenkatalog!$A$2:$AB$632,2,FALSE) -> Kohlrabi Superschmelz | O80: =VLOOKUP($M80,Pflanzenkatalog!$A$2:$AB$632,3,FALSE) -> 15.02.-15.03. | P80: =VLOOKUP($M80,Pflanzenkatalog!$A$2:$AB$632,4,FALSE) -> 16-20 | Q80: =VLOOKUP($M80,Pflanzenkatalog!$A$2:$AB$632,5,FALSE) -> 5-8 | R80: =VLOOKUP($M80,Pflanzenkatalog!$A$2:$AB$632,6,FALSE) -> 2 | S80: =VLOOKUP($M80,Pflanzenkatalog!$A$2:$AB$632,7,FALSE) -> 01.04. | T80: =VLOOKUP($M80,Pflanzenkatalog!$A$2:$AB$632,8,FALSE) -> 01.04.-31.05. | U80: =VLOOKUP($M80,Pflanzenkatalog!$A$2:$AB$632,9,FALSE) -> 60 | V80: =VLOOKUP($M80,Pflanzenkatalog!$A$2:$AB$632,10,FALSE) -> 60 | W80: =VLOOKUP($M80,Pflanzenkatalog!$A$2:$AB$632,11,FALSE) -> August | X80: =VLOOKUP($M80,Pflanzenkatalog!$A$2:$AB$632,12,FALSE) -> Riesenkohlrabi, bis zu 8 kg | Y80: =VLOOKUP($M80,Pflanzenkatalog!$A$2:$AB$632,13,FALSE) -> samenmaier Bio | Z80: =VLOOKUP($M80,Pflanzenkatalog!$A$2:$AB$632,14,FALSE) -> Bohnen, Erbsen, Kartoffeln, Kopfsalat, Tomaten, Radieschen, Rote Bete, Sellerie, Spinat, Lauch | AA80: =VLOOKUP($M80,Pflanzenkatalog!$A$2:$AB$632,15,FALSE) -> 0 | AB80: =VLOOKUP($M80,Pflanzenkatalog!$A$2:$AB$632,16,FALSE) -> 0 | AC80: =VLOOKUP($M80,Pflanzenkatalog!$A$2:$AB$632,17,FALSE) -> Frostfrei! Schatten, Knolle kein Erdkontakt wegen Schimmel. Kohlanbaufläche jährlich wechseln! Nährstoffreicher, humosen Boder. Bei Trockenheit regelmäßig gießen, damit die Kohlrabi nicht platzen. Wasser- und Nährstoffmangel führt zu Wachstumsstockungen, mehrmals düngen. | AD80: =VLOOKUP($M80,Pflanzenkatalog!$A$2:$AB$632,18,FALSE) -> Zur Lagerung und zum Tiefgefrieren bestens geeignet. Alle Kohlarten sind von allen Gemüse-Arten am längsten lagerbar und gelten als typisches Wintergemüse. Schon seit der Steinzeit wird vermutet, dass Kohl als Lebensmittel für uns gedient hat. | AE80: =VLOOKUP($M80,Pflanzenkatalog!$A$2:$AB$632,19,FALSE) -> 0 | AF80: =VLOOKUP($M80,Pflanzenkatalog!$A$2:$AB$632,20,FALSE) -> Kohl
A81: 10R | B81: Freiland | C81: Osten/Wald | D81: Halbschatten | E81: Boot | F81: 10 | G81: rechts | H81: R | I81: Boot | K81: Erde | L81: 1 | M81: 24 | N81: =VLOOKUP($M81,Pflanzenkatalog!$A$2:$AB$632,2,FALSE) -> Petersilie | O81: =VLOOKUP($M81,Pflanzenkatalog!$A$2:$AB$632,3,FALSE) -> 01.03.-31.08. | P81: =VLOOKUP($M81,Pflanzenkatalog!$A$2:$AB$632,4,FALSE) -> 18-22 | Q81: =VLOOKUP($M81,Pflanzenkatalog!$A$2:$AB$632,5,FALSE) -> 14-28 | R81: =VLOOKUP($M81,Pflanzenkatalog!$A$2:$AB$632,6,FALSE) -> 0,5-1 | S81: =VLOOKUP($M81,Pflanzenkatalog!$A$2:$AB$632,7,FALSE) -> 01.03.-31.08. | T81: =VLOOKUP($M81,Pflanzenkatalog!$A$2:$AB$632,8,FALSE) -> 01.03.-31.08. | U81: =VLOOKUP($M81,Pflanzenkatalog!$A$2:$AB$632,9,FALSE) -> 30 | V81: =VLOOKUP($M81,Pflanzenkatalog!$A$2:$AB$632,10,FALSE) -> 30 | W81: =VLOOKUP($M81,Pflanzenkatalog!$A$2:$AB$632,11,FALSE) -> ganzjährig im Glashaus | X81: =VLOOKUP($M81,Pflanzenkatalog!$A$2:$AB$632,12,FALSE) -> Busch, Herz immer stehen lassen, 2- jährig | Y81: =VLOOKUP($M81,Pflanzenkatalog!$A$2:$AB$632,13,FALSE) -> own grown | Z81: =VLOOKUP($M81,Pflanzenkatalog!$A$2:$AB$632,14,FALSE) -> 0 | AA81: =VLOOKUP($M81,Pflanzenkatalog!$A$2:$AB$632,15,FALSE) -> 0 | AB81: =VLOOKUP($M81,Pflanzenkatalog!$A$2:$AB$632,16,FALSE) -> 4 Jahreswechsel mit Doldenblütlern wie z.B. Karrotte | AC81: =VLOOKUP($M81,Pflanzenkatalog!$A$2:$AB$632,17,FALSE) -> halbschattigen Orten mit lockeren, humosen Böden und feinkrümeliger Oberfläche, keine Trockenheit, doch auch Staunässe kann der Pflanze schaden. Ein durchlässiger Boden ist ebenfalls von Vorteil. | AD81: =VLOOKUP($M81,Pflanzenkatalog!$A$2:$AB$632,18,FALSE) -> Wichtig ist, dass du immer das Herz der Petersilie intakt lässt. Dieses erkennst du an dem verdickten Stiel, an dessen Seite neue Blätter wachsen. Meist befindet er sich in der Mitte der Pflanze. Wenn du ganze Stängel direkt über dem Boden schneidest, kann das Kraut immer wieder neu austreiben. Achtung: Sollte deine Pflanze blühen, darfst du die Blätter jedoch nicht mehr verwenden, da sie dann schwer verdaulich sind. | AE81: =VLOOKUP($M81,Pflanzenkatalog!$A$2:$AB$632,19,FALSE) -> 0 | AF81: =VLOOKUP($M81,Pflanzenkatalog!$A$2:$AB$632,20,FALSE) -> Kräuter
A82: 11L | B82: Freiland | C82: Osten/Wald | D82: Schatten | E82: Boot | F82: 11 | G82: links | H82: L | I82: Boot | K82: Erde | L82: 5 | M82: 32 | N82: =VLOOKUP($M82,Pflanzenkatalog!$A$2:$AB$632,2,FALSE) -> Stangenbohne Cornetti Viola Trionfo | O82: =VLOOKUP($M82,Pflanzenkatalog!$A$2:$AB$632,3,FALSE) -> 15.04.-30.04. | P82: =VLOOKUP($M82,Pflanzenkatalog!$A$2:$AB$632,4,FALSE) -> 12-25 | Q82: =VLOOKUP($M82,Pflanzenkatalog!$A$2:$AB$632,5,FALSE) -> 10-14 | R82: =VLOOKUP($M82,Pflanzenkatalog!$A$2:$AB$632,6,FALSE) -> 3 | S82: =VLOOKUP($M82,Pflanzenkatalog!$A$2:$AB$632,7,FALSE) -> 01.05. | T82: =VLOOKUP($M82,Pflanzenkatalog!$A$2:$AB$632,8,FALSE) -> 01.05.-30.06. | U82: =VLOOKUP($M82,Pflanzenkatalog!$A$2:$AB$632,9,FALSE) -> 10 | V82: =VLOOKUP($M82,Pflanzenkatalog!$A$2:$AB$632,10,FALSE) -> 10 | W82: =VLOOKUP($M82,Pflanzenkatalog!$A$2:$AB$632,11,FALSE) -> August | X82: =VLOOKUP($M82,Pflanzenkatalog!$A$2:$AB$632,12,FALSE) -> 5 Bohnen pro Stange 2 m | Y82: =VLOOKUP($M82,Pflanzenkatalog!$A$2:$AB$632,13,FALSE) -> Arche Noah | Z82: =VLOOKUP($M82,Pflanzenkatalog!$A$2:$AB$632,14,FALSE) -> Bohnenkraut, Erdbeeren, Gurken, Sellerie, Rote Bete, Kohlarten, Kopfsalat, Pflücksalat, Tomate | AA82: =VLOOKUP($M82,Pflanzenkatalog!$A$2:$AB$632,15,FALSE) -> Bohnenkraut, gegen schwarze Bohnenlaus, Duftstoffe fördern Wachstum und Aroma der Bohnen | AB82: =VLOOKUP($M82,Pflanzenkatalog!$A$2:$AB$632,16,FALSE) -> Erbsen, Fenchel, Knoblauch, Lauch, Zwiebeln | AC82: =VLOOKUP($M82,Pflanzenkatalog!$A$2:$AB$632,17,FALSE) -> nicht pikieren, Übernacht mit Kamillentee einweiken vor Aussaat, sonnig, mäßig feucht, wärmebedürftig, gute Vorfruchtwirkung | AD82: =VLOOKUP($M82,Pflanzenkatalog!$A$2:$AB$632,18,FALSE) -> Die violetten Fisolen sind wohlschmeckend, leicht süß, mit Biss und schmecken als Salat oder Gemüse zubereitet. Die Samen sind nierenförmig, hautfarben mit grauer Sprenkelung. Die Sorte stammt aus Italien. | AE82: =VLOOKUP($M82,Pflanzenkatalog!$A$2:$AB$632,19,FALSE) -> 0 | AF82: =VLOOKUP($M82,Pflanzenkatalog!$A$2:$AB$632,20,FALSE) -> Hülse
A83: 11M | B83: Freiland | C83: Osten/Wald | D83: Schatten | E83: Boot | F83: 11 | G83: mitte | H83: M | I83: Boot | K83: Erde | L83: 5 | M83: 32 | N83: =VLOOKUP($M83,Pflanzenkatalog!$A$2:$AB$632,2,FALSE) -> Stangenbohne Cornetti Viola Trionfo | O83: =VLOOKUP($M83,Pflanzenkatalog!$A$2:$AB$632,3,FALSE) -> 15.04.-30.04. | P83: =VLOOKUP($M83,Pflanzenkatalog!$A$2:$AB$632,4,FALSE) -> 12-25 | Q83: =VLOOKUP($M83,Pflanzenkatalog!$A$2:$AB$632,5,FALSE) -> 10-14 | R83: =VLOOKUP($M83,Pflanzenkatalog!$A$2:$AB$632,6,FALSE) -> 3 | S83: =VLOOKUP($M83,Pflanzenkatalog!$A$2:$AB$632,7,FALSE) -> 01.05. | T83: =VLOOKUP($M83,Pflanzenkatalog!$A$2:$AB$632,8,FALSE) -> 01.05.-30.06. | U83: =VLOOKUP($M83,Pflanzenkatalog!$A$2:$AB$632,9,FALSE) -> 10 | V83: =VLOOKUP($M83,Pflanzenkatalog!$A$2:$AB$632,10,FALSE) -> 10 | W83: =VLOOKUP($M83,Pflanzenkatalog!$A$2:$AB$632,11,FALSE) -> August | X83: =VLOOKUP($M83,Pflanzenkatalog!$A$2:$AB$632,12,FALSE) -> 5 Bohnen pro Stange 2 m | Y83: =VLOOKUP($M83,Pflanzenkatalog!$A$2:$AB$632,13,FALSE) -> Arche Noah | Z83: =VLOOKUP($M83,Pflanzenkatalog!$A$2:$AB$632,14,FALSE) -> Bohnenkraut, Erdbeeren, Gurken, Sellerie, Rote Bete, Kohlarten, Kopfsalat, Pflücksalat, Tomate | AA83: =VLOOKUP($M83,Pflanzenkatalog!$A$2:$AB$632,15,FALSE) -> Bohnenkraut, gegen schwarze Bohnenlaus, Duftstoffe fördern Wachstum und Aroma der Bohnen | AB83: =VLOOKUP($M83,Pflanzenkatalog!$A$2:$AB$632,16,FALSE) -> Erbsen, Fenchel, Knoblauch, Lauch, Zwiebeln | AC83: =VLOOKUP($M83,Pflanzenkatalog!$A$2:$AB$632,17,FALSE) -> nicht pikieren, Übernacht mit Kamillentee einweiken vor Aussaat, sonnig, mäßig feucht, wärmebedürftig, gute Vorfruchtwirkung | AD83: =VLOOKUP($M83,Pflanzenkatalog!$A$2:$AB$632,18,FALSE) -> Die violetten Fisolen sind wohlschmeckend, leicht süß, mit Biss und schmecken als Salat oder Gemüse zubereitet. Die Samen sind nierenförmig, hautfarben mit grauer Sprenkelung. Die Sorte stammt aus Italien. | AE83: =VLOOKUP($M83,Pflanzenkatalog!$A$2:$AB$632,19,FALSE) -> 0 | AF83: =VLOOKUP($M83,Pflanzenkatalog!$A$2:$AB$632,20,FALSE) -> Hülse
A84: 11R | B84: Freiland | C84: Osten/Wald | D84: Schatten | E84: Boot | F84: 11 | G84: rechts | H84: R | I84: Boot | K84: Erde | L84: 5 | M84: 32 | N84: =VLOOKUP($M84,Pflanzenkatalog!$A$2:$AB$632,2,FALSE) -> Stangenbohne Cornetti Viola Trionfo | O84: =VLOOKUP($M84,Pflanzenkatalog!$A$2:$AB$632,3,FALSE) -> 15.04.-30.04. | P84: =VLOOKUP($M84,Pflanzenkatalog!$A$2:$AB$632,4,FALSE) -> 12-25 | Q84: =VLOOKUP($M84,Pflanzenkatalog!$A$2:$AB$632,5,FALSE) -> 10-14 | R84: =VLOOKUP($M84,Pflanzenkatalog!$A$2:$AB$632,6,FALSE) -> 3 | S84: =VLOOKUP($M84,Pflanzenkatalog!$A$2:$AB$632,7,FALSE) -> 01.05. | T84: =VLOOKUP($M84,Pflanzenkatalog!$A$2:$AB$632,8,FALSE) -> 01.05.-30.06. | U84: =VLOOKUP($M84,Pflanzenkatalog!$A$2:$AB$632,9,FALSE) -> 10 | V84: =VLOOKUP($M84,Pflanzenkatalog!$A$2:$AB$632,10,FALSE) -> 10 | W84: =VLOOKUP($M84,Pflanzenkatalog!$A$2:$AB$632,11,FALSE) -> August | X84: =VLOOKUP($M84,Pflanzenkatalog!$A$2:$AB$632,12,FALSE) -> 5 Bohnen pro Stange 2 m | Y84: =VLOOKUP($M84,Pflanzenkatalog!$A$2:$AB$632,13,FALSE) -> Arche Noah | Z84: =VLOOKUP($M84,Pflanzenkatalog!$A$2:$AB$632,14,FALSE) -> Bohnenkraut, Erdbeeren, Gurken, Sellerie, Rote Bete, Kohlarten, Kopfsalat, Pflücksalat, Tomate | AA84: =VLOOKUP($M84,Pflanzenkatalog!$A$2:$AB$632,15,FALSE) -> Bohnenkraut, gegen schwarze Bohnenlaus, Duftstoffe fördern Wachstum und Aroma der Bohnen | AB84: =VLOOKUP($M84,Pflanzenkatalog!$A$2:$AB$632,16,FALSE) -> Erbsen, Fenchel, Knoblauch, Lauch, Zwiebeln | AC84: =VLOOKUP($M84,Pflanzenkatalog!$A$2:$AB$632,17,FALSE) -> nicht pikieren, Übernacht mit Kamillentee einweiken vor Aussaat, sonnig, mäßig feucht, wärmebedürftig, gute Vorfruchtwirkung | AD84: =VLOOKUP($M84,Pflanzenkatalog!$A$2:$AB$632,18,FALSE) -> Die violetten Fisolen sind wohlschmeckend, leicht süß, mit Biss und schmecken als Salat oder Gemüse zubereitet. Die Samen sind nierenförmig, hautfarben mit grauer Sprenkelung. Die Sorte stammt aus Italien. | AE84: =VLOOKUP($M84,Pflanzenkatalog!$A$2:$AB$632,19,FALSE) -> 0 | AF84: =VLOOKUP($M84,Pflanzenkatalog!$A$2:$AB$632,20,FALSE) -> Hülse
A85: 12L | B85: Freiland | C85: Osten/Wald | D85: Schatten | E85: Boot | F85: 12 | G85: links | H85: L | I85: Boot | K85: Erde | L85: 5 | M85: 33 | N85: =VLOOKUP($M85,Pflanzenkatalog!$A$2:$AB$632,2,FALSE) -> Stangenbohne Aloisia schwarz | O85: =VLOOKUP($M85,Pflanzenkatalog!$A$2:$AB$632,3,FALSE) -> 15.04.-30.04. | P85: =VLOOKUP($M85,Pflanzenkatalog!$A$2:$AB$632,4,FALSE) -> 12-25 | Q85: =VLOOKUP($M85,Pflanzenkatalog!$A$2:$AB$632,5,FALSE) -> 10-14 | R85: =VLOOKUP($M85,Pflanzenkatalog!$A$2:$AB$632,6,FALSE) -> 3 | S85: =VLOOKUP($M85,Pflanzenkatalog!$A$2:$AB$632,7,FALSE) -> 01.05. | T85: =VLOOKUP($M85,Pflanzenkatalog!$A$2:$AB$632,8,FALSE) -> 01.05.-30.06. | U85: =VLOOKUP($M85,Pflanzenkatalog!$A$2:$AB$632,9,FALSE) -> 10 | V85: =VLOOKUP($M85,Pflanzenkatalog!$A$2:$AB$632,10,FALSE) -> 10 | W85: =VLOOKUP($M85,Pflanzenkatalog!$A$2:$AB$632,11,FALSE) -> August | X85: =VLOOKUP($M85,Pflanzenkatalog!$A$2:$AB$632,12,FALSE) -> 5 Bohnen pro Stange 2 m | Y85: =VLOOKUP($M85,Pflanzenkatalog!$A$2:$AB$632,13,FALSE) -> Sorten WERKSTATT | Z85: =VLOOKUP($M85,Pflanzenkatalog!$A$2:$AB$632,14,FALSE) -> Bohnenkraut, Erdbeeren, Gurken, Sellerie, Rote Bete, Kohlarten, Kopfsalat, Pflücksalat, Tomate | AA85: =VLOOKUP($M85,Pflanzenkatalog!$A$2:$AB$632,15,FALSE) -> Bohnenkraut, gegen schwarze Bohnenlaus, Duftstoffe fördern Wachstum und Aroma der Bohnen | AB85: =VLOOKUP($M85,Pflanzenkatalog!$A$2:$AB$632,16,FALSE) -> Erbsen, Fenchel, Knoblauch, Lauch, Zwiebeln | AC85: =VLOOKUP($M85,Pflanzenkatalog!$A$2:$AB$632,17,FALSE) -> nicht pikieren, Übernacht mit Kamillentee einweiken vor Aussaat, sonnig, mäßig feucht, wärmebedürftig, gute Vorfruchtwirkung | AD85: =VLOOKUP($M85,Pflanzenkatalog!$A$2:$AB$632,18,FALSE) -> Alte Sorte aus der Südsteiermark, von einer Arche Noah Erhalterin bekommen. Leicht gebogene grüne Fisolen, fadenlos, die sehr knackig sind, wenn man sie dünstet. Die schwarzen Samen kann man als Trockenbohnen nutzen. Enthält mind. 30 Samen sortenreines Saatgut. | AE85: =VLOOKUP($M85,Pflanzenkatalog!$A$2:$AB$632,19,FALSE) -> 0 | AF85: =VLOOKUP($M85,Pflanzenkatalog!$A$2:$AB$632,20,FALSE) -> Hülse
A86: 12M | B86: Freiland | C86: Osten/Wald | D86: Schatten | E86: Boot | F86: 12 | G86: mitte | H86: M | I86: Boot | K86: Erde | L86: 5 | M86: 33 | N86: =VLOOKUP($M86,Pflanzenkatalog!$A$2:$AB$632,2,FALSE) -> Stangenbohne Aloisia schwarz | O86: =VLOOKUP($M86,Pflanzenkatalog!$A$2:$AB$632,3,FALSE) -> 15.04.-30.04. | P86: =VLOOKUP($M86,Pflanzenkatalog!$A$2:$AB$632,4,FALSE) -> 12-25 | Q86: =VLOOKUP($M86,Pflanzenkatalog!$A$2:$AB$632,5,FALSE) -> 10-14 | R86: =VLOOKUP($M86,Pflanzenkatalog!$A$2:$AB$632,6,FALSE) -> 3 | S86: =VLOOKUP($M86,Pflanzenkatalog!$A$2:$AB$632,7,FALSE) -> 01.05. | T86: =VLOOKUP($M86,Pflanzenkatalog!$A$2:$AB$632,8,FALSE) -> 01.05.-30.06. | U86: =VLOOKUP($M86,Pflanzenkatalog!$A$2:$AB$632,9,FALSE) -> 10 | V86: =VLOOKUP($M86,Pflanzenkatalog!$A$2:$AB$632,10,FALSE) -> 10 | W86: =VLOOKUP($M86,Pflanzenkatalog!$A$2:$AB$632,11,FALSE) -> August | X86: =VLOOKUP($M86,Pflanzenkatalog!$A$2:$AB$632,12,FALSE) -> 5 Bohnen pro Stange 2 m | Y86: =VLOOKUP($M86,Pflanzenkatalog!$A$2:$AB$632,13,FALSE) -> Sorten WERKSTATT | Z86: =VLOOKUP($M86,Pflanzenkatalog!$A$2:$AB$632,14,FALSE) -> Bohnenkraut, Erdbeeren, Gurken, Sellerie, Rote Bete, Kohlarten, Kopfsalat, Pflücksalat, Tomate | AA86: =VLOOKUP($M86,Pflanzenkatalog!$A$2:$AB$632,15,FALSE) -> Bohnenkraut, gegen schwarze Bohnenlaus, Duftstoffe fördern Wachstum und Aroma der Bohnen | AB86: =VLOOKUP($M86,Pflanzenkatalog!$A$2:$AB$632,16,FALSE) -> Erbsen, Fenchel, Knoblauch, Lauch, Zwiebeln | AC86: =VLOOKUP($M86,Pflanzenkatalog!$A$2:$AB$632,17,FALSE) -> nicht pikieren, Übernacht mit Kamillentee einweiken vor Aussaat, sonnig, mäßig feucht, wärmebedürftig, gute Vorfruchtwirkung | AD86: =VLOOKUP($M86,Pflanzenkatalog!$A$2:$AB$632,18,FALSE) -> Alte Sorte aus der Südsteiermark, von einer Arche Noah Erhalterin bekommen. Leicht gebogene grüne Fisolen, fadenlos, die sehr knackig sind, wenn man sie dünstet. Die schwarzen Samen kann man als Trockenbohnen nutzen. Enthält mind. 30 Samen sortenreines Saatgut. | AE86: =VLOOKUP($M86,Pflanzenkatalog!$A$2:$AB$632,19,FALSE) -> 0 | AF86: =VLOOKUP($M86,Pflanzenkatalog!$A$2:$AB$632,20,FALSE) -> Hülse
A87: 12R | B87: Freiland | C87: Osten/Wald | D87: Schatten | E87: Boot | F87: 12 | G87: rechts | H87: R | I87: Boot | K87: Erde | L87: 5 | M87: 33 | N87: =VLOOKUP($M87,Pflanzenkatalog!$A$2:$AB$632,2,FALSE) -> Stangenbohne Aloisia schwarz | O87: =VLOOKUP($M87,Pflanzenkatalog!$A$2:$AB$632,3,FALSE) -> 15.04.-30.04. | P87: =VLOOKUP($M87,Pflanzenkatalog!$A$2:$AB$632,4,FALSE) -> 12-25 | Q87: =VLOOKUP($M87,Pflanzenkatalog!$A$2:$AB$632,5,FALSE) -> 10-14 | R87: =VLOOKUP($M87,Pflanzenkatalog!$A$2:$AB$632,6,FALSE) -> 3 | S87: =VLOOKUP($M87,Pflanzenkatalog!$A$2:$AB$632,7,FALSE) -> 01.05. | T87: =VLOOKUP($M87,Pflanzenkatalog!$A$2:$AB$632,8,FALSE) -> 01.05.-30.06. | U87: =VLOOKUP($M87,Pflanzenkatalog!$A$2:$AB$632,9,FALSE) -> 10 | V87: =VLOOKUP($M87,Pflanzenkatalog!$A$2:$AB$632,10,FALSE) -> 10 | W87: =VLOOKUP($M87,Pflanzenkatalog!$A$2:$AB$632,11,FALSE) -> August | X87: =VLOOKUP($M87,Pflanzenkatalog!$A$2:$AB$632,12,FALSE) -> 5 Bohnen pro Stange 2 m | Y87: =VLOOKUP($M87,Pflanzenkatalog!$A$2:$AB$632,13,FALSE) -> Sorten WERKSTATT | Z87: =VLOOKUP($M87,Pflanzenkatalog!$A$2:$AB$632,14,FALSE) -> Bohnenkraut, Erdbeeren, Gurken, Sellerie, Rote Bete, Kohlarten, Kopfsalat, Pflücksalat, Tomate | AA87: =VLOOKUP($M87,Pflanzenkatalog!$A$2:$AB$632,15,FALSE) -> Bohnenkraut, gegen schwarze Bohnenlaus, Duftstoffe fördern Wachstum und Aroma der Bohnen | AB87: =VLOOKUP($M87,Pflanzenkatalog!$A$2:$AB$632,16,FALSE) -> Erbsen, Fenchel, Knoblauch, Lauch, Zwiebeln | AC87: =VLOOKUP($M87,Pflanzenkatalog!$A$2:$AB$632,17,FALSE) -> nicht pikieren, Übernacht mit Kamillentee einweiken vor Aussaat, sonnig, mäßig feucht, wärmebedürftig, gute Vorfruchtwirkung | AD87: =VLOOKUP($M87,Pflanzenkatalog!$A$2:$AB$632,18,FALSE) -> Alte Sorte aus der Südsteiermark, von einer Arche Noah Erhalterin bekommen. Leicht gebogene grüne Fisolen, fadenlos, die sehr knackig sind, wenn man sie dünstet. Die schwarzen Samen kann man als Trockenbohnen nutzen. Enthält mind. 30 Samen sortenreines Saatgut. | AE87: =VLOOKUP($M87,Pflanzenkatalog!$A$2:$AB$632,19,FALSE) -> 0 | AF87: =VLOOKUP($M87,Pflanzenkatalog!$A$2:$AB$632,20,FALSE) -> Hülse

Sheet Pflanzenkatalog
A1: Katalog | B1: Pflanze | C1: Vorkultur | D1: Keimtemperatur C° | E1: Keimdauer Tage | F1: Saattiefe cm | G1: Aussetzen | H1: Direktsaat | I1: Abstände Pflanze cm | J1: Abstände Reihe cm | K1: Ernte Start | L1: Wuchs | M1: Samen | N1: Pflanzpartner | O1: Beipflanze | P1: Pflanzgegner | Q1: Anspruch Pflege Pflanze | R1: Details und Beschreibung | S1: Kommentar | T1: Gruppe
A2: 1 | B2: Fleischparadeiser Rotes Herz | C2: 15.03-15.04 | D2: 20-25 | E2: 8-10 | F2: Licht | G2: 15.05-31.05. | H2: nein | I2: 50 | J2: 100 | K2: August | L2: unbegrenzt, locker belaubt, wirkt im Jugendstadium schwach, bisweilen bräunliche Blätter die später verschwinden | M2: Arche Noah | N2: Buschbohne, Knoblauch, Kohl, Kohlrabi | O2: Basilikum, gegen Mehltau und weiße Fliege Tagetes, gegen Nematoden, Viren und weiße Fliege | P2: Erbse, Fenchel, Kartoffeln | Q2: Ausgeizen, Mulchen, warm, Schutz vor Regen, mäßig von unten gießen | R2: Das rotes Ochsenherz lässt sich vielfältig verwenden, für Suppen, Saucen und Salate. Die Ausgewogenheit von Süße und Säure ergibt einen sehr guten Geschmack, herzförmig, schwach gerippt und 10-12 cm groß. Ursprünglich stammt die Sorte aus Kroatien. | T2: Frucht
A3: 2 | B3: Salatparadeiser Quedlinburger Frühe Liebe | C3: 15.03-15.04 | D3: 20-25 | E3: 8-10 | F3: Licht | G3: 15.05-31.05. | H3: nein | I3: 50 | J3: 80 | K3: Juli | L3: Stabtomate wächst bis 1,2 m hoch und hat kartoffelblättriges lockeres Laub | M3: Arche Noah | N3: Buschbohne, Knoblauch, Kohl, Kohlrabi | O3: Basilikum, gegen Mehltau und weiße Fliege Tagetes, gegen Nematoden, Viren und weiße Fliege | P3: Erbse, Fenchel, Kartoffeln | Q3: nicht ausgeizen, Mulchen, warm, Schutz vor Regen, mäßig von unten gießen | R3: Im Salat kommt der süß-aromatische Geschmack hervorragend zur Geltung. Extrem frühreifend ist die Sorte auch für rauhere Lagen empfehlenswert. Die roten, runden, ca. 4 cm großen Früchte kann man die ganze Saison über ernten. | T3: Frucht
A4: 3 | B4: Basilikum Genoveser | C4: 01.01.-31.12. | D4: 18-22 | E4: 14-18 | F4: Licht | G4: 01.05. | H4: 31.05.-31.07. | I4: 30 | J4: 30 | K4: Ganzjährig | L4: Busch bis 50 cm | M4: samenmaier Bio | N4: Tomaten, Gurken, Kohl gegen Mehltau und weiße Fliege | Q4: sonniger Standort , durchlässiger Boden | R4: Bekommt sie genügend Wärme, wächst sie sehr rasch. | T4: Kräuter
A5: 4 | B5: Kohlrabi Superschmelz | C5: 15.02.-15.03. | D5: 16-20 | E5: 5-8 | F5: 2 | G5: 01.04. | H5: 01.04.-31.05. | I5: 60 | J5: 60 | K5: August | L5: Riesenkohlrabi, bis zu 8 kg | M5: samenmaier Bio | N5: Bohnen, Erbsen, Kartoffeln, Kopfsalat, Tomaten, Radieschen, Rote Bete, Sellerie, Spinat, Lauch | Q5: Frostfrei! Schatten, Knolle kein Erdkontakt wegen Schimmel. Kohlanbaufläche jährlich wechseln! Nährstoffreicher, humosen Boder. Bei Trockenheit regelmäßig gießen, damit die Kohlrabi nicht platzen. Wasser- und Nährstoffmangel führt zu Wachstumsstockungen, mehrmals düngen. | R5: Zur Lagerung und zum Tiefgefrieren bestens geeignet. Alle Kohlarten sind von allen Gemüse-Arten am längsten lagerbar und gelten als typisches Wintergemüse. Schon seit der Steinzeit wird vermutet, dass Kohl als Lebensmittel für uns gedient hat. | T5: Kohl
A6: 5 | B6: Wintermarie | C6: 01.02.-28.02. | D6: 10-15 | E6: 5-7 | F6: Licht | G6: 01.04. | H6: 15.07.-31.08. | I6: 30 | J6: 30 | K6: April | L6: Kopf locker attraktiv durch Rotfärbung | M6: Arche Noah | N6: Bohnen, Dill, Erbsen, Erdbeeren, Gurken, Kohl, Lauch, Möhren, Tomaten, Zwiebeln | O6: Kerbel, gegen Läuse | P6: Petersilie, Sellerie | Q6: sonnig feucht bevorzugt, Boden locker gut feucht | R6: Der Kopfsalat ist außer frisch auch für die Spinatzubereitung geeignet. Die leichte Rotfärbung sieht sehr schön aus. Köstlich, sehr zart! Die Pflanzen sind raschwüchsig und robust gegen Pilzkrankheiten und Kälte. Er hat sich auch als Überwinterungskultur bewährt. Attraktiv durch Rotfärbung. Aus Kroatien. | T6: Blatt
A7: 6 | B7: Cocktailparadeiser Golden Perfection | C7: 15.03-15.04 | D7: 20-25 | E7: 8-10 | F7: Licht | G7: 15.05-31.05. | H7: nein | I7: 50 | J7: 100 | K7: Juni | L7: unbegrenzt | M7: Arche Noah | N7: Buschbohne, Knoblauch, Kohl, Kohlrabi | O7: Basilikum, gegen Mehltau und weiße Fliege Tagetes, gegen Nematoden, Viren und weiße Fliege | P7: Erbse, Fenchel, Kartoffeln | Q7: sonniger Standort | R7: Goldgelbe Cocktailtomate. Die Früchte sind rund und werden ungefähr 2,5-3cm groß. Im Geschmack sehr süß und aromatisch. Unbegrenzt wachsende Pflanze, entwickelt viele Nebentriebe. Seit 1985 aus Tartu, Estland. | T7: Frucht
A8: 7 | B8: Zuckererbse Ambrosia | C8: 01.03.-31.05. | D8: 10-20 | E8: 8-14 | F8: 3 | H8: 01.03.-31.05. | I8: 3 | J8: 30 | K8: Mai | L8: ca. 70 cm, ohne Rankhilfe möglich | M8: REINSAAT | N8: Dill, Fenchel, Gurken, Kohlarten, Mais, Möhren, Kohlrabi, Kopfsalat, Radieschen, Zucchini | P8: Bohnen, Kartoffeln, Knoblauch, Lauch, Tomaten, Zwiebeln | Q8: Halbschatten, Erbsen nicht zu spät aussäen Die meisten Erbsensorten bilden an kühlen, kurzen Tagen nur Blätter. Erst wenn die Tage länger werden und die Temperaturen steigen, meist ab Mitte Mai, entwickeln sich Blüten. Wer viel ernten möchte, sät die Erbsen so früh wie möglich, damit die Pflanzen vor der Blütenbildung noch lange wachsen, empfehlenswert ist es, die Erbsen spätestens Ende April zu säen. | R8: Mittelfrühe, ca. 70 cm hohe Zuckererbse mit hoher Ertragsleistung. Die standfeste Sorte benötigt keine Rankhilfe. Jung, mit noch nicht entwickelten Samen sind die mittelgroßen, hellgrünen Hülsen besonders süß und geschmackvoll. | T8: Hülse
A9: 8 | B9: Knackerbse Spring Blush | C9: 01.03.-31.05. | D9: 10-20 | E9: 8-14 | F9: 3 | H9: 01.03.-31.05. | I9: 3 | J9: 30 | K9: Mai | L9: ca. bis 120 cm, Rankhilfe | M9: Sorten WERKSTATT | N9: Dill, Fenchel, Gurken, Kohlarten, Mais, Möhren, Kohlrabi, Kopfsalat, Radieschen, Zucchini | P9: Bohnen, Kartoffeln, Knoblauch, Lauch, Tomaten, Zwiebeln | Q9: Halbschatten, Erbsen nicht zu spät aussäen Die meisten Erbsensorten bilden an kühlen, kurzen Tagen nur Blätter. Erst wenn die Tage länger werden und die Temperaturen steigen, meist ab Mitte Mai, entwickeln sich Blüten. Wer viel ernten möchte, sät die Erbsen so früh wie möglich, damit die Pflanzen vor der Blütenbildung noch lange wachsen, empfehlenswert ist es, die Erbsen spätestens Ende April zu säen. | R9: Knackerbse, das heißt, die Hülsen sind sehr knackig und süß, nicht fädig und somit lang beerntbar. Nicht vergleichbar mit Zuckererbsen! Diese neue Sorte hat grün-violetten Schoten, ist aber noch nicht ganz einheitlich durchselektiert. Nutzbar sind die Schoten (frisch und gekocht), die frischen Erbsensamen und die Ranken, von denen die Pflanze zahlreiche bildet. Sehr schön! Aussaat ab März. Direktsaat. Rankhilfe notwenig. | T9: Hülse
A10: 9 | B10: Cocktailparadeiser Red Currant | C10: 15.03-15.04 | D10: 20-25 | E10: 8-10 | F10: Licht | G10: 15.05-31.05. | H10: nein | I10: 50 | J10: 100 | K10: Juni | L10: unbegrenzt wachsend, stark verzweigt | M10: Arche Noah | N10: Buschbohne, Knoblauch, Kohl, Kohlrabi | O10: Basilikum, gegen Mehltau und weiße Fliege Tagetes, gegen Nematoden, Viren und weiße Fliege | P10: Erbse, Fenchel, Kartoffeln | Q10: Das übliche Ausgeizen auf nur 1–3 Haupttriebe ist nicht sinnvoll. Wir empfehlen, die Pflanzen lediglich auszulichten, sonniger Standort | R10: Cocktailtomate mit winzigen, max. 1,5 cm großen Früchten und süß-säuerlicherm Geschmack. | T10: Frucht
A11: 10 | B11: Schnittsalat Asia Oriental Mix | C11: 01.01.-30.04. | D11: 10-20 | E11: 8-15 | F11: 1-2 | G11: 01.02. | H11: 15.07.-01.10. | I11: Streu | J11: Streu | K11: März | L11: breitwürfig, mehrfacher Schnitt | M11: REINSAAT | N11: Bohnen, Dill, Erbsen, Erdbeeren, Gurken, Kohl, Lauch, Möhren, Tomaten, Zwiebeln | O11: Kerbel, gegen Läuse | P11: Petersilie, Sellerie | Q11: frosttolerant, Direktsaat Freiland unter Vlies ab Februar/März und Juli bis Ende September, Voranzucht für frostfreies Gewächshaus ab Juli bis Jänner für satzweisen Anbau, Kalthaus Februar bis April | R11: Oriental Mix ist eine bunte Cut-and-Come- Again-Salatmischung aus den frostverträglichen Asia-Blattgemüsesorten Pak Choi, Bok Choi, Mizuna, Mibuna, Purple Wave, Rouge metis, Grün im Schnee, Red Giant und anderen. Die Sortenmischung umfasst alle Geschmäcker von feinwürzig bis senfartig scharf. | T11: Blatt
A12: 11 | B12: Schnittsalat Misticanza | C12: 01.01.-30.04. | D12: 10-15 | E12: 7-14 | F12: 1-2 | G12: 01.02. | H12: 01.02.-01.09. | I12: Streu | J12: Streu | K12: Februar | L12: breitwürfig, mehrfacher Schnitt | M12: REINSAAT | N12: Bohnen, Dill, Erbsen, Erdbeeren, Gurken, Kohl, Lauch, Möhren, Tomaten, Zwiebeln | O12: Kerbel, gegen Läuse | P12: Petersilie, Sellerie | Q12: Direktsaat ab Februar mit Folgesaaten bis Anfang September. | R12: Traditioneller, italienischer Sorten- und Artenmix. Beliebte Pflücksalat-Mischung aus den roten und grünen Pflücksalaten, Romana- und Eichblattsalaten, Schnittzichorien, Rucola und der typischen Spezialität des Original-Misticanza Hirschhornwegerichs (Herba Stella). | T12: Blatt
A13: 12 | B13: Pflücksalat Red Salat Bowl | C13: 01.02. | D13: 15 | F13: 0,2 | H13: 01.03.-30.09. | I13: 15 | J13: 15 | K13: Mai | L13: als Pflücksalat wird ein Abstand von 25 x 25 cm empfohlen | M13: Austrosaat | N13: Bohnen, Dill, Erbsen, Erdbeeren, Gurken, Kohl, Lauch, Möhren, Tomaten, Zwiebeln | O13: Kerbel, gegen Läuse | P13: Petersilie, Sellerie | R13: Ein schnellwüchsiger Schnitt- oder Pflücksalat mit eichblattförmigen, zarten rötlichen Blättern und lockerem Kopf. | T13: Blatt
A14: 13 | B14: Spinat Matador | C14: 01.01.-30.03. | D14: 10-15 | E14: 7-14 | F14: 3 | G14: 01.03. | H14: 01.03.-01.09. | I14: 3 | J14: 15 | K14: Februar | L14: breitwürfig, mehrfacher Schnitt | M14: REINSAAT | N14: Zucchini, Kohlrabi, Erdbeeren | P14: Petersilie, Sellerie | Q14: Direktsaat ab Februar mit Folgesaaten bis Anfang September. | R14: Rasch wachsende, mittelfrühe Sorte mit sehr gutem Ertrag. Zarte, mittel- bis dunkelgrüne Blätter. Für den Frühjahrs- und Herbstanbau und den Überwinterungsanbau geeignet. | T14: Blatt
A15: 14 | B15: Chili Lemon Drop | C15: 01.03. | D15: 25-30 | E15: 10-14 | F15: 1 | G15: 01.05. | H15: nein | I15: 40 | J15: 40 | K15: August | L15: 80 cm, Anstäben | M15: samen greisslerei | N15: Rucola, Radieschen, Pertersilie, Basilikum | Q15: mehrjährig! Jungpflanzen wachsen langsam, vor Frost schützen, langsam abhärten, feuchtes, lockeres und nährstoffreichen Substrat, Boden im Idealfall einen neutralen bis leicht sauren pH-Wert, mit Kompost düngen | R15: Diese Sorte hat dünnwandige, leuchtend gelbe Schoten, die eine ausgesprochene Schärfe aufweisen (Schärfegrad 7 – 8). Zusätzlich besitzen sie ein typisches Zitronenaroma. Die Pflanze erreicht im Freiland bis 80 cm Wuchshöhe. Sie ist mehrjährig, aber nicht frosthart! Nutzung: Chilischoten zum Würzen frisch oder getrocknet. Daraus läßt sich ein farblich sehr schönes Chilipulver mahlen. | T15: Frucht
A16: 15 | B16: Paprika Orange Kidds | C16: 01.02.-15.04. | D16: 22-25 | E16: 10-14 | F16: 0,5-1 | G16: 01.04.-01.06. | H16: nein | I16: 60 | J16: 80 | K16: Juli | L16: 50 cm | M16: biotiger | N16: Salat | O16: Tagetes gegen Nematoden, Viren und weiße Fliege | Q16: Keimung bei möglichst stabiler Temperatur, sonnig, mäßig viel Wasser, gute Topf-Eignung | R16: Kegelförmige, bis 10 cm große orange abreifende Früchte mit sehr süßem Geschmack. Die Ernte ist ist nicht besonders früh geht dann aber sehr lange in den Herbst hinein. Schärfe: 0 Fruchtfarbe: grün | orange | S16: 24.04.23 Bisher kein Saatkorn aufgegangen - bei 2 Versuchen | T16: Frucht
A17: 16 | B17: Zuckermelone | C17: 01.04. | D17: 24 | E17: 7-14 | G17: 01.05. | H17: 01.05. | I17: 50 | J17: 100 | K17: August | L17: Rankend, Aufbinden | M17: own grown | Q17: Haupttrieb nach dem 4. oder 5. Blatt schneiden, Seitentriebe, nach dem 3.-5. Blatt schneiden. Die daraus entstehenden Seitentriebe bilden die weiblichen, fruchtenden Blüten. Behang pro Pflanze auf 4–6 Stück begrenzen. Im Glashaus manuell befruchten. Kalk, Frost, Windempfindlich | R17: Die Charentais liebt sonnige, geschützte Standorte mit warmen, humusreichen Böden. Saftige Melonen aus Ihrem Garten Die Zuckermelone bildet süße, faustgroße Früchte mit hellgrüner, genetzter Schale. Die Erntezeit beginnt im August. | T17: Frucht
A18: 17 | B18: Chili spitz rot | C18: 01.03. | D18: 25-30 | E18: 10-14 | F18: 1 | G18: 01.05. | H18: nein | I18: 40 | J18: 40 | K18: August | L18: 50-80 cm | M18: SPAR Bio | T18: Frucht
A19: 18 | B19: Paprika spitz rot | C19: 01.02.-15.04. | D19: 22-25 | E19: 10-14 | F19: 0,5-1 | G19: 01.04.-01.06. | H19: nein | I19: 60 | J19: 80 | K19: Juli | L19: 50-80 cm | M19: SPAR Bio | T19: Frucht
A20: 19 | B20: Salat div. | C20: 01.02. | D20: 15 | F20: 0,2 | H20: 01.03.-30.09. | I20: 15 | J20: 15 | K20: Mai | T20: Blatt
A21: 20 | B21: Pflücksalat weiß | C21: 01.02. | D21: 15 | F21: 0,2 | H21: 01.03.-30.09. | I21: 15 | J21: 15 | K21: Mai | L21: als Pflücksalat wird ein Abstand von 25 x 25 cm empfohlen | M21: Austrosaat | N21: Bohnen, Dill, Erbsen, Erdbeeren, Gurken, Kohl, Lauch, Möhren, Tomaten, Zwiebeln | O21: Kerbel, gegen Läuse | P21: Petersilie, Sellerie | R21: Ein schnellwüchsiger Schnitt- oder Pflücksalat mit eichblattförmigen, zarten rötlichen Blättern und lockerem Kopf. | T21: Blatt
A22: 21 | B22: Zwiebel Deep Purple | C22: 01.02-31.03. | D22: 10-20 | E22: 14-25 | F22: 1-3 | G22: 01.04. | H22: 01.03.-30.04. | I22: 5 | J22: 25 | K22: Mai | L22: Jungzwiebel Mai/Juni, Knolle August (wenn Laub knickt) | M22: samen greisslerei | N22: Bohnenkraut, Erdbeeren, Dill, Kopfsalat, Möhren, Rote Bete | P22: Bohnen, Erbsen, Kohl | Q22: sonnig | R22: Diese Sorte zeichnet sich durch feste, dunkelrote, plattrunde bis runde Zwiebeln aus, die gut lagerfähig sind. Sie ist sehr attraktiv als Jungzwiebel, der Schaft leuchtet dunkelrot unter dem grünem Laub hervor. Gute Lagerzwiebel. Nutzung: Jungzwiebeln, frisch oder gegart. Küchenzwiebel. | T22: Zwiebel
A23: 22 | B23: Kräuter div. | H23: nein | T23: Kräuter
A24: 23 | B24: Aubergine Melanzani | C24: 01.02. | D24: 20-25 | E24: 7-21 | F24: 1-2 | G24: 15.05. | H24: nein | I24: 60 | J24: 100 | K24: Juni | L24: 150 x 150 cm, Rankhilfe erforderlich | M24: Plantura | N24: Salat | P24: Zucchini, Kürbisse, rauben zuviel Platz, Tomaten und Paprika wegen der Schädlinge nicht zu Auberginen setzen | Q24: Auberginen lieben einen nährstoffreichen Boden. Es sollte deshalb am besten vor dem Auspflanzen reifer Kompost oder ein Langzeitdünger eingearbeitet werden, ein geschützter, sonniger Standort an einer Südwand ist ideal. Anbaupause von etwa vier Jahren. | T24: Frucht
A25: 24 | B25: Petersilie | C25: 01.03.-31.08. | D25: 18-22 | E25: 14-28 | F25: 0,5-1 | G25: 01.03.-31.08. | H25: 01.03.-31.08. | I25: 30 | J25: 30 | K25: ganzjährig im Glashaus | L25: Busch, Herz immer stehen lassen, 2- jährig | M25: own grown | P25: 4 Jahreswechsel mit Doldenblütlern wie z.B. Karrotte | Q25: halbschattigen Orten mit lockeren, humosen Böden und feinkrümeliger Oberfläche, keine Trockenheit, doch auch Staunässe kann der Pflanze schaden. Ein durchlässiger Boden ist ebenfalls von Vorteil. | R25: Wichtig ist, dass du immer das Herz der Petersilie intakt lässt. Dieses erkennst du an dem verdickten Stiel, an dessen Seite neue Blätter wachsen. Meist befindet er sich in der Mitte der Pflanze. Wenn du ganze Stängel direkt über dem Boden schneidest, kann das Kraut immer wieder neu austreiben. Achtung: Sollte deine Pflanze blühen, darfst du die Blätter jedoch nicht mehr verwenden, da sie dann schwer verdaulich sind. | T25: Kräuter
A26: 25 | B26: Gewürztagetes | C26: 01.03. | D26: 15-18 | E26: 5-10 | F26: 0,5 | G26: 01.05. | H26: 01.05. | I26: Streu | J26: Streu | K26: Juli | L26: niedrig wachsend bis 30 cm | M26: REINSAAT | N26: Gurken Tomaten | Q26: sonnig, gut durchlässiger fruchtbarer Boden, Geruch zieht Schnecken an, wehrt Nematoden, Ameisen und die Weiße Fliege ab | R26: Kompakt wachsende, ca. 30 cm hohe Staude mit leuchtend gelb-orangen, wohlschmeckenden Blüten, deren Aroma an Mandarinen erinnert. Köstliches Gewürz in Salaten, Süßspeisen und Punsch. | T26: Kräuter
A27: 26 | B27: Erdbeeren mix | H27: nein | T27: Beeren
A28: 27 | B28: Gurke Melothria | C28: 15.04.-30.04. | D28: 25-28 | E28: 5-8 | F28: 2-3 | G28: 15.05. | H28: 01.05.-30.06. | I28: 50 | J28: 150 | K28: September | L28: 1,5 m am Gitter | M28: samen hauefl | N28: Bohnen, Dill, Erbsen, Fenchel, Kohl, Kopfsalat, Kümmel, Lauch, Mais, Rote Bete, Sellerie, Zwiebeln | O28: Basilikum, gegen Mehltau und weiße Fliege Borretsch, Insektenbestäubten Pflanzen, z.B. Gurken, Zucchini, Lockt Insekten an | P28: Tomaten, Radieschen | Q28: nicht pikieren! Die Pflänzchen werden bis zum ersten Blattpaar eingesetzt. Wenn der Stiel in der Erde ist, kann er neue Wurzeln bilden. Nach dem Pflanzen die Gurken unbedingt ausgiebig gießen. Besonders schlecht ist Staunässe. | R28: Mexikanische Minigurke, grün weiß, junge Früchte roh oder zum Einlegen, auch für Topfkultur geeignet. Brauchen ein feines Rankgerüst, Früchte spät, September, Durchmesser ca. 3 cm, | T28: Frucht
A29: 28 | B29: Gurke Pappelchen | C29: 15.04.-30.04. | D29: 25-28 | E29: 5-8 | F29: 2-3 | G29: 15.05. | H29: 01.05.-30.06. | I29: 50 | J29: 150 | K29: Juli | L29: 1,5 m am Gitter | M29: samen hauefl | N29: Bohnen, Dill, Erbsen, Fenchel, Kohl, Kopfsalat, Kümmel, Lauch, Mais, Rote Bete, Sellerie, Zwiebeln | O29: Basilikum, gegen Mehltau und weiße Fliege Borretsch, Insektenbestäubten Pflanzen, z.B. Gurken, Zucchini, Lockt Insekten an | P29: Tomaten, Radieschen | Q29: nicht pikieren! Die Pflänzchen werden bis zum ersten Blattpaar eingesetzt. Wenn der Stiel in der Erde ist, kann er neue Wurzeln bilden. Nach dem Pflanzen die Gurken unbedingt ausgiebig gießen. Besonders schlecht ist Staunässe. | R29: Kleine Salat ooder Einlegegurke mit glatter Schale, dunkelgrün, kaum bestachelt, Früchte ca. 8-12 cm lang, robust auch bei ungünstiger Witterung | T29: Frucht
A30: 29 | B30: Cocktailparadeiser Gelbe Johannisbeere | C30: 01.02-31.03. | D30: 20-22 | E30: 8-10 | F30: Licht | G30: 15.05-31.05. | H30: nein | I30: 50 | J30: 100 | K30: Juli | L30: Stark verzweigte, buschförmig, lange Rispen mit massenhaft Früchte | M30: REINSAAT | N30: Buschbohne, Knoblauch, Kohl, Kohlrabi | O30: Basilikum, gegen Mehltau und weiße Fliege Tagetes, gegen Nematoden, Viren und weiße Fliege | P30: Erbse, Fenchel, Kartoffeln | Q30: nicht ausgeizen, sonniger Standort | R30: Stark verzweigte, buschförmig wachsende Wildtomate aus der EHZ von ReinSaat. Bildet an langen Rispen massenhaft runde, kleine, gelbe Früchte mit süßem, kräftigem Wild- tomatenaroma. Pflanzen müssen nur nicht ausgegeizt werden. Ideale Naschtomate für die Topfkultur auf Balkon und Terrasse. | T30: Frucht
A31: 30 | B31: Winterhecken Zwiebel | C31: 01.03.-31.08. | D31: 10-20 | E31: 14-25 | F31: 1-3 | G31: 01.03. | H31: 01.03.-31.08. | I31: 5 | J31: 25 | K31: Februar | L31: Staude mit Blüte | M31: Sorten WERKSTATT | N31: Bohnenkraut, Erdbeeren, Dill, Kopfsalat, Möhren, Rote Bete | P31: Bohnen, Erbsen, Kohl | Q31: winterhart, ausdauernd | R31: Blattgrün kann häufig beerntet werden, Feb. -Okt.. Im Sommer schöne Kugelblüte, Vermehrung auch über Teilung | T31: Zwiebel
A32: 31 | B32: Zucchini Largo Blanco Serpiente | C32: 15.04. | D32: 18-22 | E32: 7-14 | F32: 2-3 | G32: 15.05. | H32: 15.05.-15.06. | I32: 100 | J32: 100 | K32: Juli | L32: Buschig wachsend | M32: Maria Arnold | N32: Kopfsalat, Lauch, Möhren, Petersilie, Rettich Radieschen, Rote Bete, Sellerie, Spinat, Stangenbohnen, Zwiebeln | O32: Borretsch, Insektenbestäubten Pflanzen, z.B. Gurken, Zucchini, Lockt Insekten an | Q32: Gute Drainage, gute Düngung, sonnig, warm, luftig. Hornspäne einmengen, frostempfindlich | R32: Weiße Zucchini mit augeprägtem Geschmack. Stammt aus Sizilien. Die Pflanzen zeichnen sich durch Frühreife aus, ab Mitte Juli kann förmlich fortlaufend geernet werden. Ganz jung bei einer Dicke von 2cm geerntet unglaublich zart, selbst später bildet sie keine harte Schale aus, sondern sie bleiben weich bei knackigem Fleisch. Die Sorte unbedingt pur probieren, fein geschnitten oder geraspelt mit Salz, Olivenöl, Pfeffer und Tomatenessig total lecker. | T32: Frucht
A33: 32 | B33: Stangenbohne Cornetti Viola Trionfo | C33: 15.04.-30.04. | D33: 12-25 | E33: 10-14 | F33: 3 | G33: 01.05. | H33: 01.05.-30.06. | I33: 10 | J33: 10 | K33: August | L33: 5 Bohnen pro Stange 2 m | M33: Arche Noah | N33: Bohnenkraut, Erdbeeren, Gurken, Sellerie, Rote Bete, Kohlarten, Kopfsalat, Pflücksalat, Tomate | O33: Bohnenkraut, gegen schwarze Bohnenlaus, Duftstoffe fördern Wachstum und Aroma der Bohnen | P33: Erbsen, Fenchel, Knoblauch, Lauch, Zwiebeln | Q33: nicht pikieren, Übernacht mit Kamillentee einweiken vor Aussaat, sonnig, mäßig feucht, wärmebedürftig, gute Vorfruchtwirkung | R33: Die violetten Fisolen sind wohlschmeckend, leicht süß, mit Biss und schmecken als Salat oder Gemüse zubereitet. Die Samen sind nierenförmig, hautfarben mit grauer Sprenkelung. Die Sorte stammt aus Italien. | T33: Hülse
A34: 33 | B34: Stangenbohne Aloisia schwarz | C34: 15.04.-30.04. | D34: 12-25 | E34: 10-14 | F34: 3 | G34: 01.05. | H34: 01.05.-30.06. | I34: 10 | J34: 10 | K34: August | L34: 5 Bohnen pro Stange 2 m | M34: Sorten WERKSTATT | N34: Bohnenkraut, Erdbeeren, Gurken, Sellerie, Rote Bete, Kohlarten, Kopfsalat, Pflücksalat, Tomate | O34: Bohnenkraut, gegen schwarze Bohnenlaus, Duftstoffe fördern Wachstum und Aroma der Bohnen | P34: Erbsen, Fenchel, Knoblauch, Lauch, Zwiebeln | Q34: nicht pikieren, Übernacht mit Kamillentee einweiken vor Aussaat, sonnig, mäßig feucht, wärmebedürftig, gute Vorfruchtwirkung | R34: Alte Sorte aus der Südsteiermark, von einer Arche Noah Erhalterin bekommen. Leicht gebogene grüne Fisolen, fadenlos, die sehr knackig sind, wenn man sie dünstet. Die schwarzen Samen kann man als Trockenbohnen nutzen. Enthält mind. 30 Samen sortenreines Saatgut. | T34: Hülse
A35: 34 | B35: Karotte Duwicker Streit | D35: 10-20 | E35: 21 | F35: 1-2,5 | H35: 28.02.-30.06. | I35: 7 | J35: 40 | K35: Mai | L35: klein | M35: Arche Noah | N35: Dill, Erbsen, Knoblauch, Lauch, Radieschen, Rettich, Tomaten, Zwiebeln, Schnittlauch | Q35: darf nie austrocknen bei Neusaat, Unkraut entfernen, Vereinzeln bei Bedarf, sonnig | R35: Ihr Geschmack ist sehr süß und enorm aromatisch! Duwika ist eine raschwüchsige Frühkarotte, die sich als Treibmöhre im Frühbeet und früheste Freilandkarotte eignet. Sie wird aber auch den ganzen Sommer hindurch bis zu spätesten Ausaatterminen Anfang August gesät. Durch den hohen Zuckergehalt ist sie weniger frostempfindlich als andere Sorten. „Duwicker" werden Karotten mit kurzen, kreiselförmigen Wurzeln genannt. Die Sorte ist frühreifend, das Fruchtfleisch schmeckt süß und ist orange gefärbt. Auch auf schweren Böden nicht beinig und leicht zu ernten. | T35: Wurzel
A36: 35 | B36: Stoppelrübe aus der Wildschönau | D36: 10-20 | E36: 8-12 | F36: 3 | H36: 01.03.-31.08. | I36: 15 | J36: 15 | K36: Mai | L36: klein | M36: Arche Noah | Q36: Sonnige Lage | R36: Diese Rübe wird in nur wenigen Wochen erntereif und kann im Frühjahr und auch im Sommer angebaut werden. Ihre Früchte schmecken sowohl roh als auch gekocht. Sie sind flach, weiß-violett gefärbt und besitzen eine angenehme Schärfe. | T36: Wurzel
A37: 36 | B37: Radieschen | D37: 8-15 | E37: 4-6 | F37: 1-1,5 | H37: 15.03.-15.09. | I37: 5 | J37: 10 | K37: Mai | L37: klein | M37: div. | Q37: Halbschatten, Sonne (Frühjahr, Herbst) | T37: Wurzel
A38: 37 | B38: Kerbel | R38: Gegen Läuse beim Salat | T38: Kräuter
A39: 38 | B39: Borretsch | C39: nein | D39: 15-20 | E39: 30-90 | F39: 1,3 | H39: 01.03.-31.05. | I39: 20 | J39: 20 | K39: 01.07.-31.08. | L39: einjährige Staude 90 cm | M39: Thompson&Morgan | Q39: An einem leicht schattigen, geschützten Standort mit gut durchlässigem Boden | R39: lockt Insekten für die Bestäubung an, hübsch auf dem Salat | S39: Forschungen zufolge ist dies eine der besten Blumen, um Honigbienen in den Garten zu locken. Eine fantastische essbare Blume: zum Kristallisieren für Kuchen, als Beigabe zu Salaten oder zum Einfrieren als Eiswürfel zum Gin & Tonic. Mit einer Höhe von 90 cm bildet Borretsch einen dekorativen, selbstsäenden Hintergrund sowohl für die Gemüse- als auch Blumenrabatte. | T39: Kräuter
A40: 39 | B40: Koriander | C40: nein | D40: 10-20 | E40: 5-8 | F40: 0,5 | G40: 01.04.-31.07. | H40: 01.04.-31.07. | I40: 10 | J40: 30 | K40: Mai, mit Folgesaat alle 4 Wochen | L40: 100 cm | M40: SPAR Bio | Q40: Halbschatten für Blattwachstum, sonnig für Samenreife; liebt kalkhaltigen Boden, regelmäßig gießen, organisch düngen | R40: Gewürzkraut für anspruchsvolle Kenner. Grünzeug wie Petersilie und Samenkörner als Gewürz verwendet. | T40: Kräuter
A41: 40 | B41: Paprika Neusiedler Ideal rot | C41: 01.02.-15.04. | D41: 20-25 | E41: 14-21 | F41: 0,5-1 | G41: 01.04.-01.06. | H41: 15.05. | I41: 50 | J41: 70 | K41: Juli | M41: KIEPENKERL | N41: Salat | O41: Tagetes gegen Nematoden, Viren und weiße Fliege | Q41: Neusiedler Ideal' liefert hohe Erträge in der Ernteperiode von Mitte Juli bis Oktober. Eine Direktaussaat ins Freiland kann ab Mitte Mai erfolgen. Hier kommt es auf einen sonnigen, warmen und windgeschützten Standort an. Wer eher aussäen möchte, kann mit der Vorkultur im Haus ab Februar starten. Für den Gewächshausanbau ist die Sorte ebenfalls geeignet. | R41: Bei der Paprika 'Neusiedler Ideal' handelt es sich um eine leckere Speisepaprika mit blockigen Früchten, welche von Grün nach Rot abreifen. Sie können sowohl im grünen als auch im roten Stadium geerntet werden, wobei die voll abgereiften roten Paprika süßer im Geschmack sind. Bezüglich ihrer Inhaltsstoffe unterscheiden sie sich allerdings nicht. Die grünen und roten Früchte sind gleichermaßen gesund, da sie vor allem wichtige Vitamine enthalten, beispielsweise jede Menge Vitamin C. Voll ausgefärbte Früchte haben den höchsten Vitamin C-Gehalt. | T41: Frucht
A42: 41 | B42: Zwiebel Mix | C42: 01.02-31.03. | D42: 10-20 | E42: 14-25 | F42: 1-3 | G42: 01.04. | H42: 01.03.-30.04. | I42: 5 | J42: 25 | K42: Mai | L42: Jungzwiebel Mai/Juni, Knolle August (wenn Laub knickt) | M42: unbekannt | N42: Bohnenkraut, Erdbeeren, Dill, Kopfsalat, Möhren, Rote Bete | P42: Bohnen, Erbsen, Kohl | Q42: sonnig | R42: Jungzwiebel | T42: Zwiebel
A43: 42 | B43: Schnittlauch | C43: 01.02-31.03. | D43: 18-20 | E43: 14-25 | F43: 0,5-1 | G43: 01.04. | H43: 01.03.-30.04. | J43: Streu | K43: ganzjährig | L43: 20-50 cm | M43: unbekannt | N43: Sein Duft vertreibt unter anderem die Möhrenfliege. Schon wenige Horste in der Nachbarschaft reduzieren bei Erdbeeren die Anfälligkeit für Grauschimmel und bei Gurken die Infektionsgefahr mit Falschem Mehltau. | P43: Auf dem Beet darf Schnittlauch nicht nach sich selbst und anderen Allium-Arten angebaut werden, zudem verträgt er sich nicht gut mit Kohlgewächsen. | Q43: Günstig ist ein sonniger bis halbschattiger Platz. Eine Abdeckung mit Vlies beschleunigt bei früher Aussaat das Auflaufen. | R43: Eine Direktsaat ist nur auf unkrautfreien Böden empfehlenswert, da die Samen sehr langsam keimen. Bei der Aussaat im Beet wartet man ab, bis der Boden eine Temperatur von fünf Grad Celsius erreicht hat. Wenn Sie die Samen mit grobem Sand mischen, lassen sie sich gleichmäßiger ausstreuen. | T43: Kräuter
A44: 43 | B44: Dill | C44: nein | D44: 15-20 | E44: 10-30 | F44: Licht | G44: 15.05-31.07. | H44: 15.05.-31.07. | I44: 5 | J44: 5 | K44: Einjährig, Juni | L44: 80 cm | M44: own grown | N44: Möhren, Gurken oder auch Salat | Q44: Freiland, bevorzugt. Halbschattig bis sonnig und wächst auf allen durchlässigen Gartenböden ohne Staunässe | R44: Die feinen Blätterspitzen des Dills können jederzeit geerntet werden und sind zum Sofortverzehr geeignet. Alternativ ist eine Trocknung und besonders auch eine Frostung der Blätter sehr gut möglich. Die Blätter am besten zur Blüte oder kurz vorher ernten, denn dann ist der höchste Gehalt an aromabildenden ätherischen Ölen erreicht. | T44: Kräuter
A45: 44 | B45: Bohnenkraut | C45: nein | D45: 15-20 | E45: 10-30 | F45: Licht | G45: 01.04.-31.07. | H45: 01.04.-31.07. | I45: 20 | J45: 20 | K45: Einjährig, Juni | L45: 30 cm | M45: own grown | Q45: Sonnige und warme Standorte im Freiland und schätzt lockere, humose Böden. | R45: Die aromatischen Blätter können je nach Aussaat ab Juni stets geerntet und direkt roh oder gekocht verzehrt werden. Sie eignen sich auch zur Trocknung oder Frostung. Die Blätter am besten kurz vor der Blüte ernten. Bohnenkraut solltest du allgemein immer gegen Ende des Garvorgangs hinzugeben, da es ein sehr dominantes Aroma entwickelt. | T45: Kräuter
A46: 45 | B46: Liebstöckel Maggikraut | C46: 01.02.-30.04. | D46: 20 | E46: 10-30 | F46: Licht | G46: 01.05. | H46: nein | I46: 40 | J46: 40 | K46: Mehrjährig, Juni | L46: 20 cm | M46: Panteer | Q46: Freiland, bevorzugt. Halbschattig bis sonnig und wächst auf allen durchlässigen Gartenböden ohne Staunässe | R46: Frische, junge Blätter erntest du am besten vor der Blüte. Die Samen werden erst im Spätsommer geerntet, wenn sie braun sind. Liebstöckel ist ein mehrjähriges Kraut, das etwa drei Mal im Jahr geschnitten werden sollte. Ab dem zweiten Jahr lassen sich auch die Wurzeln ernten. | T46: Kräuter
A47: 46 | B47: Salbei | M47: Panteer | T47: Kräuter
A48: 47 | B48: Knoblauch | M48: unbekannt | T48: Zwiebel
A49: 48 | B49: Salatparadeiser gestreift SPAR | C49: 15.03-15.04. | D49: 20-25 | E49: 8-10 | F49: Licht | G49: 15.05-31.05. | H49: nein | I49: 50 | J49: 80 | K49: Juli | L49: Stabtomate | M49: SPAR Bio | N49: Buschbohne, Knoblauch, Kohl, Kohlrabi | O49: Basilikum, gegen Mehltau und weiße Fliege Tagetes, gegen Nematoden, Viren und weiße Fliege | P49: Erbse, Fenchel, Kartoffeln | R49: Im Salat kommt der süß-aromatische Geschmack hervorragend zur Geltung. Extrem frühreifend ist die Sorte auch für rauhere Lagen empfehlenswert. Die roten, runden, ca. 4 cm großen Früchte kann man die ganze Saison über ernten. | T49: Frucht
A50: 49 | B50: Paradeiser Ochsenherz Tschernij Prinz | C50: 01.02-31.03. | D50: 20-25 | E50: 8-10 | F50: 0,5-1 | G50: 15.04.-15.05. | H50: 15.05-31.05. | I50: 50 | J50: 60 | K50: Juli | L50: Stabtomate | M50: REINSAAT | N50: Buschbohne, Knoblauch, Kohl, Kohlrabi | O50: Basilikum, gegen Mehltau und weiße Fliege Tagetes, gegen Nematoden, Viren und weiße Fliege | P50: Erbse, Fenchel, Kartoffeln | R50: Halbdeterminante Fleischtomate aus der EHZ von ReinSaat. Die braunroten, flachrunden Früchte sind von herausragend gutem Geschmack. Mehrkammerige, fleischige und sehr saftige Früchte mit einem Fruchtgewicht von ca. 200 – 300 g. Früh einsetzende Ernte. Sehr beliebte Hausgärtnersorte. | T50: Frucht
A51: 50 | B51: Paprika Snack Hamik | C51: 15.01.-31.03. | D51: 20-25 | E51: 14-21 | F51: 0,5-1 | G51: 15.04.-30.04. | H51: 15.05.-15.06. | I51: 50 | J51: 70 | K51: Juli | L51: 20-50 cm | M51: REINSAAT | N51: Salat | O51: Tagetes gegen Nematoden, Viren und weiße Fliege | T51: Frucht
A52: 51 | B52: Chili Diavoletto | C52: 15.02.-15.03. | D52: 20-25 | E52: 10-14 | F52: 1 | G52: 15.04.-30.04. | H52: nein | I52: 50 | J52: 70 | K52: Juli | L52: 50-80 cm | M52: REINSAAT | N52: Rucola, Radieschen, Pertersilie, Basilikum | Q52: mehrjährig! Jungpflanzen wachsen langsam, vor Frost schützen, langsam abhärten, feuchtes, lockeres und nährstoffreichen Substrat, Boden im Idealfall einen neutralen bis leicht sauren pH-Wert, mit Kompost düngen | R52: Züchtung ReinSaat. Dekorativer, langgestreckter, fleischiger Chili mit attraktiven lilafarbenen Blüten, Stielen, Kelchen und Blattadern. Die Früchte reifen von lila auf goldbraun zu orangerot ab. Gut geeignet zum Frischverzehr, in Salsas oder zum Einlegen. Für Gewächshaus und geschützte Freilandlagen. Schärfegrad 6 – 7 | T52: Frucht
A53: 52 | B53: Thymian | M53: own grown | T53: Kräuter
A54: 53 | B54: Rosmarin | M54: own grown | T54: Kräuter
A55: 54 | B55: Majoran | M55: own grown | T55: Kräuter
A56: 55 | B56: Oregano | M56: own grown | T56: Kräuter
A57: Anzucht | B57: Baby div.
A58: Blumen | B58: Blumen
A59: frei | B59: nicht belegt
A60: Elektro | B60: Elektro
A61: Lager | B61: Lagerfläche
A62: Arbeit | B62: Arbeitsfläche

Sheet Gefäße_u_Plätze
A1: Gefäße
A2: Platten | B2: 8
A3: Stahl30 | B3: 10
A4: Stahl20 | B4: 9
A5: Anzuchtschalen | B5: 8
A6: Topfplatten | B6: 8 | C6: 4x8 Plätze
A7: Hauben | B7: 4
A8: Hydro Anzucht | B8: 1
A9: Eurobox10
A10: Eurobox20
A11: Eurobox30
A12: Eurobox klein
A13: Boot | B13: 6 | C13: davon 1 auf Garagendach | D13: max. 6
A16: Regal | B16: Anzahl | C16: Kisten je Ebene | D16: Ebenen | E16: Kisten 40x60 | F16: Pflanz-Plätze normal | G16: Pflanz-Plätze gesamt
A17: Hochregal | B17: 3 | C17: 2 | D17: 3 | E17: =B17*C17*D17 -> 18 | F17: 6 | G17: =E17*F17 -> 108
A18: Niederregal | B18: 4 | C18: 3 | D18: 2 | E18: =B18*C18*D18 -> 24 | F18: 7 | G18: =E18*F18 -> 168
A19: Boote | B19: 6 | C19: 1 | D19: 1 | E19: =B19*C19*D19 -> 6 | F19: 6 | G19: =E19*F19 -> 36
A20: davon Anzucht | B20: 1 | C20: 1 | D20: 1 | E20: 6 | F20: 6 | G20: =E20*F20*-1 -> -36
A21: davon Arbeitsfläche | B21: 1 | C21: 1 | D21: 1 | E21: 6 | F21: 6 | G21: =E21*F21*-1 -> -36
A23: Gesamt | E23: =SUM(E17:E22) -> 60 | G23: =SUM(G17:G22) -> 240

Sheet Gruppen
A1: Frucht | B1: gelb
A2: Blatt | B2: grün
A3: Wurzel | B3: rosa
A4: Hülsen | B4: rosa
A5: Kräuter | B5: blau
A6: Zwiebel | B6: blau
A7: Kohl | B7: rot
A8: Blüten | B8: rot

Sheet Gießblatt
A1: Datum
A2: 1OA
A3: 1OB
A4: 1OC
A5: 1UA
A6: 1UB
A7: 1UC
A8: 2OA
A9: 2OB
A10: 2OC
A11: 2UA
A12: 2UB
... A69: 12R
